voucher_id,line_no,transaction_date,transaction_type,department_code,partner_code,debit_credit_type,account_code,account_name,amount,evidence_type,evidence_no,description,remarks
JV2026081001,1,2026-08-08,산업용 소모품 구매,D005,V003,차변,5130,소모품비,700000,법인카드,CARD-202608-0001,제품 포장재 구매,포트폴리오용 합성 거래
JV2026081001,2,2026-08-08,산업용 소모품 구매,D005,V003,차변,1180,부가세대급금,70000,법인카드,CARD-202608-0001,제품 포장재 구매,포트폴리오용 합성 거래
JV2026081001,3,2026-08-08,산업용 소모품 구매,D005,V003,대변,2140,카드미지급금,770000,법인카드,CARD-202608-0001,제품 포장재 구매,포트폴리오용 합성 거래
JV2026081002,1,2026-08-23,공장 전기요금,D004,V006,차변,5150,전력비,4300000,전자세금계산서,TAX-202608-0002,공장 설비 전력 사용료,포트폴리오용 합성 거래
JV2026081002,2,2026-08-23,공장 전기요금,D004,V006,차변,1180,부가세대급금,430000,전자세금계산서,TAX-202608-0002,공장 설비 전력 사용료,포트폴리오용 합성 거래
JV2026081002,3,2026-08-23,공장 전기요금,D004,V006,대변,2120,미지급금,4730000,전자세금계산서,TAX-202608-0002,공장 설비 전력 사용료,포트폴리오용 합성 거래
JV2026081003,1,2026-08-04,운송비,D007,V005,차변,5140,운반비,1230000,전자세금계산서,TAX-202608-0003,제품 납품 운송비,포트폴리오용 합성 거래
JV2026081003,2,2026-08-04,운송비,D007,V005,차변,1180,부가세대급금,123000,전자세금계산서,TAX-202608-0003,제품 납품 운송비,포트폴리오용 합성 거래
JV2026081003,3,2026-08-04,운송비,D007,V005,대변,2120,미지급금,1353000,전자세금계산서,TAX-202608-0003,제품 납품 운송비,포트폴리오용 합성 거래
JV2026081004,1,2026-08-21,경영서비스 수수료,D001,V008,차변,5160,지급수수료,510000,전자세금계산서,TAX-202608-0004,경영관리 서비스 비용,포트폴리오용 합성 거래
JV2026081004,2,2026-08-21,경영서비스 수수료,D001,V008,차변,1180,부가세대급금,51000,전자세금계산서,TAX-202608-0004,경영관리 서비스 비용,포트폴리오용 합성 거래
JV2026081004,3,2026-08-21,경영서비스 수수료,D001,V008,대변,2120,미지급금,561000,전자세금계산서,TAX-202608-0004,경영관리 서비스 비용,포트폴리오용 합성 거래
JV2026081005,1,2026-08-06,경영서비스 수수료,D001,V008,차변,5160,지급수수료,1790000,전자세금계산서,TAX-202608-0005,경영관리 서비스 비용,포트폴리오용 합성 거래
JV2026081005,2,2026-08-06,경영서비스 수수료,D001,V008,차변,1180,부가세대급금,179000,전자세금계산서,TAX-202608-0005,경영관리 서비스 비용,포트폴리오용 합성 거래
JV2026081005,3,2026-08-06,경영서비스 수수료,D001,V008,대변,2120,미지급금,1969000,전자세금계산서,TAX-202608-0005,경영관리 서비스 비용,포트폴리오용 합성 거래
JV2026081006,1,2026-08-12,원재료 매입,D002,V001,차변,1210,원재료,4130000,전자세금계산서,TAX-202608-0006,고무 원재료 외상 매입,포트폴리오용 합성 거래
JV2026081006,2,2026-08-12,원재료 매입,D002,V001,차변,1180,부가세대급금,413000,전자세금계산서,TAX-202608-0006,고무 원재료 외상 매입,포트폴리오용 합성 거래
JV2026081006,3,2026-08-12,원재료 매입,D002,V001,대변,2110,외상매입금,4543000,전자세금계산서,TAX-202608-0006,고무 원재료 외상 매입,포트폴리오용 합성 거래
JV2026081007,1,2026-08-17,운송비,D007,V005,차변,5140,운반비,780000,전자세금계산서,TAX-202608-0007,제품 납품 운송비,포트폴리오용 합성 거래
JV2026081007,2,2026-08-17,운송비,D007,V005,차변,1180,부가세대급금,78000,전자세금계산서,TAX-202608-0007,제품 납품 운송비,포트폴리오용 합성 거래
JV2026081007,3,2026-08-17,운송비,D007,V005,대변,2120,미지급금,858000,전자세금계산서,TAX-202608-0007,제품 납품 운송비,포트폴리오용 합성 거래
JV2026081008,1,2026-08-16,산업용 소모품 구매,D007,V004,차변,5130,소모품비,240000,법인카드,TAX-202608-0008,현장 안전용품 구매,포트폴리오용 합성 거래
JV2026081008,2,2026-08-16,산업용 소모품 구매,D007,V004,차변,1180,부가세대급금,24000,법인카드,TAX-202608-0008,현장 안전용품 구매,포트폴리오용 합성 거래
JV2026081008,3,2026-08-16,산업용 소모품 구매,D007,V004,대변,2110,외상매입금,264000,법인카드,TAX-202608-0008,현장 안전용품 구매,포트폴리오용 합성 거래
JV2026081009,1,2026-08-30,운송비,D007,V005,차변,5140,운반비,700000,전자세금계산서,TAX-202608-0009,긴급 납품 운송비,포트폴리오용 합성 거래
JV2026081009,2,2026-08-30,운송비,D007,V005,차변,1180,부가세대급금,70000,전자세금계산서,TAX-202608-0009,긴급 납품 운송비,포트폴리오용 합성 거래
JV2026081009,3,2026-08-30,운송비,D007,V005,대변,2120,미지급금,770000,전자세금계산서,TAX-202608-0009,긴급 납품 운송비,포트폴리오용 합성 거래
JV2026081010,1,2026-08-03,산업용 소모품 구매,D007,V004,차변,5130,소모품비,600000,법인카드,TAX-202608-0010,생산 작업용 장갑 구매,포트폴리오용 합성 거래
JV2026081010,2,2026-08-03,산업용 소모품 구매,D007,V004,차변,1180,부가세대급금,60000,법인카드,TAX-202608-0010,생산 작업용 장갑 구매,포트폴리오용 합성 거래
JV2026081010,3,2026-08-03,산업용 소모품 구매,D007,V004,대변,2110,외상매입금,660000,법인카드,TAX-202608-0010,생산 작업용 장갑 구매,포트폴리오용 합성 거래
JV2026081011,1,2026-08-07,생산설비 구매,D002,V007,차변,1510,기계장치,22970000,전자세금계산서,TAX-202608-0011,생산설비 구매,포트폴리오용 합성 거래
JV2026081011,2,2026-08-07,생산설비 구매,D002,V007,차변,1180,부가세대급금,2297000,전자세금계산서,TAX-202608-0011,생산설비 구매,포트폴리오용 합성 거래
JV2026081011,3,2026-08-07,생산설비 구매,D002,V007,대변,2120,미지급금,25267000,전자세금계산서,TAX-202608-0011,생산설비 구매,포트폴리오용 합성 거래
JV2026081012,1,2026-08-18,제품 판매,D006,C004,차변,1130,외상매출금,11836000,전자세금계산서,TAX-202608-0012,자동차용 씰링부품 외상 판매,포트폴리오용 합성 거래
JV2026081012,2,2026-08-18,제품 판매,D006,C004,대변,4110,제품매출,10760000,전자세금계산서,TAX-202608-0012,자동차용 씰링부품 외상 판매,포트폴리오용 합성 거래
JV2026081012,3,2026-08-18,제품 판매,D006,C004,대변,2180,부가세예수금,1076000,전자세금계산서,TAX-202608-0012,자동차용 씰링부품 외상 판매,포트폴리오용 합성 거래
JV2026081013,1,2026-08-28,원재료 매입,D002,V002,차변,1210,원재료,5540000,전자세금계산서,TAX-202608-0013,자동차부품용 소재 매입,포트폴리오용 합성 거래
JV2026081013,2,2026-08-28,원재료 매입,D002,V002,차변,1180,부가세대급금,554000,전자세금계산서,TAX-202608-0013,자동차부품용 소재 매입,포트폴리오용 합성 거래
JV2026081013,3,2026-08-28,원재료 매입,D002,V002,대변,2110,외상매입금,6094000,전자세금계산서,TAX-202608-0013,자동차부품용 소재 매입,포트폴리오용 합성 거래
JV2026081014,1,2026-08-03,공장 전기요금,D004,V006,차변,5150,전력비,3050000,전자세금계산서,TAX-202608-0014,공장 설비 전력 사용료,포트폴리오용 합성 거래
JV2026081014,2,2026-08-03,공장 전기요금,D004,V006,차변,1180,부가세대급금,305000,전자세금계산서,TAX-202608-0014,공장 설비 전력 사용료,포트폴리오용 합성 거래
JV2026081014,3,2026-08-03,공장 전기요금,D004,V006,대변,2120,미지급금,3355000,전자세금계산서,TAX-202608-0014,공장 설비 전력 사용료,포트폴리오용 합성 거래
JV2026081015,1,2026-08-02,산업용 소모품 구매,D007,V004,차변,5130,소모품비,150000,법인카드,TAX-202608-0015,현장 안전용품 구매,포트폴리오용 합성 거래
JV2026081015,2,2026-08-02,산업용 소모품 구매,D007,V004,차변,1180,부가세대급금,15000,법인카드,TAX-202608-0015,현장 안전용품 구매,포트폴리오용 합성 거래
JV2026081015,3,2026-08-02,산업용 소모품 구매,D007,V004,대변,2110,외상매입금,165000,법인카드,TAX-202608-0015,현장 안전용품 구매,포트폴리오용 합성 거래
JV2026081017,1,2026-08-30,제품 판매,D006,C002,차변,1130,외상매출금,14245000,전자세금계산서,TAX-202608-0017,자동차용 씰링부품 외상 판매,포트폴리오용 합성 거래
JV2026081017,2,2026-08-30,제품 판매,D006,C002,대변,4110,제품매출,12950000,전자세금계산서,TAX-202608-0017,자동차용 씰링부품 외상 판매,포트폴리오용 합성 거래
JV2026081017,3,2026-08-30,제품 판매,D006,C002,대변,2180,부가세예수금,1295000,전자세금계산서,TAX-202608-0017,자동차용 씰링부품 외상 판매,포트폴리오용 합성 거래
JV2026081018,1,2026-08-08,공장 전기요금,D004,V006,차변,5150,전력비,3140000,전자세금계산서,TAX-202608-0018,공장 설비 전력 사용료,포트폴리오용 합성 거래
JV2026081018,2,2026-08-08,공장 전기요금,D004,V006,차변,1180,부가세대급금,314000,전자세금계산서,TAX-202608-0018,공장 설비 전력 사용료,포트폴리오용 합성 거래
JV2026081018,3,2026-08-08,공장 전기요금,D004,V006,대변,2120,미지급금,3454000,전자세금계산서,TAX-202608-0018,공장 설비 전력 사용료,포트폴리오용 합성 거래
JV2026081019,1,2026-08-08,운송비,D007,V005,차변,5140,운반비,1010000,전자세금계산서,TAX-202608-0019,원재료 입고 운송비,포트폴리오용 합성 거래
JV2026081019,2,2026-08-08,운송비,D007,V005,차변,1180,부가세대급금,101000,전자세금계산서,TAX-202608-0019,원재료 입고 운송비,포트폴리오용 합성 거래
JV2026081019,3,2026-08-08,운송비,D007,V005,대변,2120,미지급금,1111000,전자세금계산서,TAX-202608-0019,원재료 입고 운송비,포트폴리오용 합성 거래
JV2026081020,1,2026-08-25,운송비,D007,V005,차변,5140,운반비,1430000,전자세금계산서,TAX-202608-0020,원재료 입고 운송비,포트폴리오용 합성 거래
JV2026081020,2,2026-08-25,운송비,D007,V005,차변,1180,부가세대급금,143000,전자세금계산서,TAX-202608-0020,원재료 입고 운송비,포트폴리오용 합성 거래
JV2026081020,3,2026-08-25,운송비,D007,V005,대변,2120,미지급금,1573000,전자세금계산서,TAX-202608-0020,원재료 입고 운송비,포트폴리오용 합성 거래
JV2026081021,1,2026-08-13,원재료 매입,D002,V001,차변,1210,원재료,1640000,전자세금계산서,TAX-202608-0021,자동차부품용 소재 매입,포트폴리오용 합성 거래
JV2026081021,2,2026-08-13,원재료 매입,D002,V001,차변,1180,부가세대급금,164000,전자세금계산서,TAX-202608-0021,자동차부품용 소재 매입,포트폴리오용 합성 거래
JV2026081021,3,2026-08-13,원재료 매입,D002,V001,대변,2110,외상매입금,1804000,전자세금계산서,TAX-202608-0021,자동차부품용 소재 매입,포트폴리오용 합성 거래
JV2026081022,1,2026-08-12,원재료 매입,D002,V001,차변,1210,원재료,7470000,전자세금계산서,TAX-202608-0022,고무 원재료 외상 매입,포트폴리오용 합성 거래
JV2026081022,2,2026-08-12,원재료 매입,D002,V001,차변,1180,부가세대급금,747000,전자세금계산서,TAX-202608-0022,고무 원재료 외상 매입,포트폴리오용 합성 거래
JV2026081022,3,2026-08-12,원재료 매입,D002,V001,대변,2110,외상매입금,8217000,전자세금계산서,TAX-202608-0022,고무 원재료 외상 매입,포트폴리오용 합성 거래
JV2026081023,1,2026-08-17,원재료 매입,D002,V001,차변,1210,원재료,4910000,전자세금계산서,TAX-202608-0023,자동차부품용 소재 매입,포트폴리오용 합성 거래
JV2026081023,2,2026-08-17,원재료 매입,D002,V001,차변,1180,부가세대급금,491000,전자세금계산서,TAX-202608-0023,자동차부품용 소재 매입,포트폴리오용 합성 거래
JV2026081023,3,2026-08-17,원재료 매입,D002,V001,대변,2110,외상매입금,5401000,전자세금계산서,TAX-202608-0023,자동차부품용 소재 매입,포트폴리오용 합성 거래
JV2026081024,1,2026-08-27,경영서비스 수수료,D001,V008,차변,5160,지급수수료,540000,전자세금계산서,TAX-202608-0024,회계 자문 수수료,포트폴리오용 합성 거래
JV2026081024,2,2026-08-27,경영서비스 수수료,D001,V008,차변,1180,부가세대급금,54000,전자세금계산서,TAX-202608-0024,회계 자문 수수료,포트폴리오용 합성 거래
JV2026081024,3,2026-08-27,경영서비스 수수료,D001,V008,대변,2120,미지급금,594000,전자세금계산서,TAX-202608-0024,회계 자문 수수료,포트폴리오용 합성 거래
JV2026081025,1,2026-08-28,제품 판매,D006,C002,차변,1130,외상매출금,4774000,전자세금계산서,TAX-202608-0025,자동차용 고무부품 외상 판매,포트폴리오용 합성 거래
JV2026081025,2,2026-08-28,제품 판매,D006,C002,대변,4110,제품매출,4340000,전자세금계산서,TAX-202608-0025,자동차용 고무부품 외상 판매,포트폴리오용 합성 거래
JV2026081025,3,2026-08-28,제품 판매,D006,C002,대변,2180,부가세예수금,434000,전자세금계산서,TAX-202608-0025,자동차용 고무부품 외상 판매,포트폴리오용 합성 거래
JV2026081026,1,2026-08-01,제품 판매,D006,C004,차변,1130,외상매출금,15081000,전자세금계산서,TAX-202608-0026,자동차용 씰링부품 외상 판매,포트폴리오용 합성 거래
JV2026081026,2,2026-08-01,제품 판매,D006,C004,대변,4110,제품매출,13710000,전자세금계산서,TAX-202608-0026,자동차용 씰링부품 외상 판매,포트폴리오용 합성 거래
JV2026081026,3,2026-08-01,제품 판매,D006,C004,대변,2180,부가세예수금,1371000,전자세금계산서,TAX-202608-0026,자동차용 씰링부품 외상 판매,포트폴리오용 합성 거래
JV2026081027,1,2026-08-03,산업용 소모품 구매,D007,V004,차변,5130,소모품비,530000,법인카드,TAX-202608-0027,생산 작업용 장갑 구매,포트폴리오용 합성 거래
JV2026081027,2,2026-08-03,산업용 소모품 구매,D007,V004,차변,1180,부가세대급금,53000,법인카드,TAX-202608-0027,생산 작업용 장갑 구매,포트폴리오용 합성 거래
JV2026081027,3,2026-08-03,산업용 소모품 구매,D007,V004,대변,2110,외상매입금,583000,법인카드,TAX-202608-0027,생산 작업용 장갑 구매,포트폴리오용 합성 거래
JV2026081028,1,2026-08-01,공장 전기요금,D003,V006,차변,5150,전력비,3260000,전자세금계산서,TAX-202608-0028,공장 설비 전력 사용료,포트폴리오용 합성 거래
JV2026081028,2,2026-08-01,공장 전기요금,D003,V006,차변,1180,부가세대급금,326000,전자세금계산서,TAX-202608-0028,공장 설비 전력 사용료,포트폴리오용 합성 거래
JV2026081028,3,2026-08-01,공장 전기요금,D003,V006,대변,2120,미지급금,3586000,전자세금계산서,TAX-202608-0028,공장 설비 전력 사용료,포트폴리오용 합성 거래
JV2026081029,1,2026-08-01,원재료 매입,D002,V002,차변,1210,원재료,1040000,전자세금계산서,TAX-202608-0029,자동차부품용 소재 매입,포트폴리오용 합성 거래
JV2026081029,2,2026-08-01,원재료 매입,D002,V002,차변,1180,부가세대급금,104000,전자세금계산서,TAX-202608-0029,자동차부품용 소재 매입,포트폴리오용 합성 거래
JV2026081029,3,2026-08-01,원재료 매입,D002,V002,대변,2110,외상매입금,1144000,전자세금계산서,TAX-202608-0029,자동차부품용 소재 매입,포트폴리오용 합성 거래
JV2026081030,1,2026-08-07,공장 전기요금,D003,V006,차변,5150,전력비,3820000,전자세금계산서,TAX-202608-0030,생산2공장 전기요금,포트폴리오용 합성 거래
JV2026081030,2,2026-08-07,공장 전기요금,D003,V006,차변,1180,부가세대급금,382000,전자세금계산서,TAX-202608-0030,생산2공장 전기요금,포트폴리오용 합성 거래
JV2026081030,3,2026-08-07,공장 전기요금,D003,V006,대변,2120,미지급금,4202000,전자세금계산서,TAX-202608-0030,생산2공장 전기요금,포트폴리오용 합성 거래
JV2026081031,1,2026-08-26,운송비,D007,V005,차변,5140,운반비,610000,전자세금계산서,TAX-202608-0031,긴급 납품 운송비,포트폴리오용 합성 거래
JV2026081031,2,2026-08-26,운송비,D007,V005,차변,1180,부가세대급금,61000,전자세금계산서,TAX-202608-0031,긴급 납품 운송비,포트폴리오용 합성 거래
JV2026081031,3,2026-08-26,운송비,D007,V005,대변,2120,미지급금,671000,전자세금계산서,TAX-202608-0031,긴급 납품 운송비,포트폴리오용 합성 거래
JV2026081032,1,2026-08-07,산업용 소모품 구매,D005,V003,차변,5130,소모품비,610000,법인카드,CARD-202608-0032,현장 안전용품 구매,포트폴리오용 합성 거래
JV2026081032,2,2026-08-07,산업용 소모품 구매,D005,V003,차변,1180,부가세대급금,61000,법인카드,CARD-202608-0032,현장 안전용품 구매,포트폴리오용 합성 거래
JV2026081032,3,2026-08-07,산업용 소모품 구매,D005,V003,대변,2140,카드미지급금,671000,법인카드,CARD-202608-0032,현장 안전용품 구매,포트폴리오용 합성 거래
JV2026081033,1,2026-08-05,공장 전기요금,D004,V006,차변,5150,전력비,3300000,전자세금계산서,TAX-202608-0033,생산2공장 전기요금,포트폴리오용 합성 거래
JV2026081033,2,2026-08-05,공장 전기요금,D004,V006,차변,1180,부가세대급금,330000,전자세금계산서,TAX-202608-0033,생산2공장 전기요금,포트폴리오용 합성 거래
JV2026081033,3,2026-08-05,공장 전기요금,D004,V006,대변,2120,미지급금,3630000,전자세금계산서,TAX-202608-0033,생산2공장 전기요금,포트폴리오용 합성 거래
JV2026081034,1,2026-08-13,산업용 소모품 구매,D003,V003,차변,5130,소모품비,410000,법인카드,CARD-202608-0034,현장 안전용품 구매,포트폴리오용 합성 거래
JV2026081034,2,2026-08-13,산업용 소모품 구매,D003,V003,차변,1180,부가세대급금,41000,법인카드,CARD-202608-0034,현장 안전용품 구매,포트폴리오용 합성 거래
JV2026081034,3,2026-08-13,산업용 소모품 구매,D003,V003,대변,2140,카드미지급금,451000,법인카드,CARD-202608-0034,현장 안전용품 구매,포트폴리오용 합성 거래
JV2026081035,1,2026-08-28,공장 전기요금,D003,V006,차변,5150,전력비,1650000,전자세금계산서,TAX-202608-0035,생산2공장 전기요금,포트폴리오용 합성 거래
JV2026081035,2,2026-08-28,공장 전기요금,D003,V006,차변,1180,부가세대급금,165000,전자세금계산서,TAX-202608-0035,생산2공장 전기요금,포트폴리오용 합성 거래
JV2026081035,3,2026-08-28,공장 전기요금,D003,V006,대변,2120,미지급금,1815000,전자세금계산서,TAX-202608-0035,생산2공장 전기요금,포트폴리오용 합성 거래
JV2026081036,1,2026-08-21,공장 전기요금,D004,V006,차변,5150,전력비,2330000,전자세금계산서,TAX-202608-0036,생산1공장 전기요금,포트폴리오용 합성 거래
JV2026081036,2,2026-08-21,공장 전기요금,D004,V006,차변,1180,부가세대급금,233000,전자세금계산서,TAX-202608-0036,생산1공장 전기요금,포트폴리오용 합성 거래
JV2026081036,3,2026-08-21,공장 전기요금,D004,V006,대변,2120,미지급금,2563000,전자세금계산서,TAX-202608-0036,생산1공장 전기요금,포트폴리오용 합성 거래
JV2026081037,1,2026-08-30,운송비,D007,V005,차변,5140,운반비,940000,전자세금계산서,TAX-202608-0037,원재료 입고 운송비,포트폴리오용 합성 거래
JV2026081037,2,2026-08-30,운송비,D007,V005,차변,1180,부가세대급금,94000,전자세금계산서,TAX-202608-0037,원재료 입고 운송비,포트폴리오용 합성 거래
JV2026081037,3,2026-08-30,운송비,D007,V005,대변,2120,미지급금,1034000,전자세금계산서,TAX-202608-0037,원재료 입고 운송비,포트폴리오용 합성 거래
JV2026081038,1,2026-08-07,산업용 소모품 구매,D007,V003,차변,5130,소모품비,710000,법인카드,CARD-202608-0038,생산 작업용 장갑 구매,포트폴리오용 합성 거래
JV2026081038,2,2026-08-07,산업용 소모품 구매,D007,V003,차변,1180,부가세대급금,71000,법인카드,CARD-202608-0038,생산 작업용 장갑 구매,포트폴리오용 합성 거래
JV2026081038,3,2026-08-07,산업용 소모품 구매,D007,V003,대변,2140,카드미지급금,781000,법인카드,CARD-202608-0038,생산 작업용 장갑 구매,포트폴리오용 합성 거래
JV2026081039,1,2026-08-30,원재료 매입,D002,V001,차변,1210,원재료,7320000,전자세금계산서,TAX-202608-0039,자동차부품용 소재 매입,포트폴리오용 합성 거래
JV2026081039,2,2026-08-30,원재료 매입,D002,V001,차변,1180,부가세대급금,732000,전자세금계산서,TAX-202608-0039,자동차부품용 소재 매입,포트폴리오용 합성 거래
JV2026081039,3,2026-08-30,원재료 매입,D002,V001,대변,2110,외상매입금,8052000,전자세금계산서,TAX-202608-0039,자동차부품용 소재 매입,포트폴리오용 합성 거래
JV2026081040,1,2026-08-07,제품 판매,D006,C001,차변,1130,외상매출금,11099000,전자세금계산서,TAX-202608-0040,방진부품 외상 판매,포트폴리오용 합성 거래
JV2026081040,2,2026-08-07,제품 판매,D006,C001,대변,4110,제품매출,10090000,전자세금계산서,TAX-202608-0040,방진부품 외상 판매,포트폴리오용 합성 거래
JV2026081040,3,2026-08-07,제품 판매,D006,C001,대변,2180,부가세예수금,1009000,전자세금계산서,TAX-202608-0040,방진부품 외상 판매,포트폴리오용 합성 거래
JV2026081041,1,2026-08-30,운송비,D007,V005,차변,5140,운반비,700000,전자세금계산서,TAX-202608-0041,제품 납품 운송비,포트폴리오용 합성 거래
JV2026081041,2,2026-08-30,운송비,D007,V005,차변,1180,부가세대급금,70000,전자세금계산서,TAX-202608-0041,제품 납품 운송비,포트폴리오용 합성 거래
JV2026081041,3,2026-08-30,운송비,D007,V005,대변,2120,미지급금,770000,전자세금계산서,TAX-202608-0041,제품 납품 운송비,포트폴리오용 합성 거래
JV2026081042,1,2026-08-27,원재료 매입,D002,V002,차변,1210,원재료,4730000,전자세금계산서,TAX-202608-0042,자동차부품용 소재 매입,포트폴리오용 합성 거래
JV2026081042,2,2026-08-27,원재료 매입,D002,V002,차변,1180,부가세대급금,473000,전자세금계산서,TAX-202608-0042,자동차부품용 소재 매입,포트폴리오용 합성 거래
JV2026081042,3,2026-08-27,원재료 매입,D002,V002,대변,2110,외상매입금,5203000,전자세금계산서,TAX-202608-0042,자동차부품용 소재 매입,포트폴리오용 합성 거래
JV2026081043,1,2026-08-20,원재료 매입,D002,V002,차변,1210,원재료,2120000,전자세금계산서,TAX-202608-0043,고무 원재료 외상 매입,포트폴리오용 합성 거래
JV2026081043,2,2026-08-20,원재료 매입,D002,V002,차변,1180,부가세대급금,212000,전자세금계산서,TAX-202608-0043,고무 원재료 외상 매입,포트폴리오용 합성 거래
JV2026081043,3,2026-08-20,원재료 매입,D002,V002,대변,2110,외상매입금,2332000,전자세금계산서,TAX-202608-0043,고무 원재료 외상 매입,포트폴리오용 합성 거래
JV2026081044,1,2026-08-07,원재료 매입,D002,V002,차변,1210,원재료,4850000,전자세금계산서,TAX-202608-0044,합성고무 원재료 구매,포트폴리오용 합성 거래
JV2026081044,2,2026-08-07,원재료 매입,D002,V002,차변,1180,부가세대급금,485000,전자세금계산서,TAX-202608-0044,합성고무 원재료 구매,포트폴리오용 합성 거래
JV2026081044,3,2026-08-07,원재료 매입,D002,V002,대변,2110,외상매입금,5335000,전자세금계산서,TAX-202608-0044,합성고무 원재료 구매,포트폴리오용 합성 거래
JV2026081045,1,2026-08-17,경영서비스 수수료,D001,V008,차변,5160,지급수수료,2330000,전자세금계산서,TAX-202608-0045,회계 자문 수수료,포트폴리오용 합성 거래
JV2026081045,2,2026-08-17,경영서비스 수수료,D001,V008,차변,1180,부가세대급금,233000,전자세금계산서,TAX-202608-0045,회계 자문 수수료,포트폴리오용 합성 거래
JV2026081045,3,2026-08-17,경영서비스 수수료,D001,V008,대변,2120,미지급금,2563000,전자세금계산서,TAX-202608-0045,회계 자문 수수료,포트폴리오용 합성 거래
JV2026081046,1,2026-08-02,원재료 매입,D002,V001,차변,1210,원재료,3190000,전자세금계산서,TAX-202608-0046,합성고무 원재료 구매,포트폴리오용 합성 거래
JV2026081046,2,2026-08-02,원재료 매입,D002,V001,차변,1180,부가세대급금,319000,전자세금계산서,TAX-202608-0046,합성고무 원재료 구매,포트폴리오용 합성 거래
JV2026081046,3,2026-08-02,원재료 매입,D002,V001,대변,2110,외상매입금,3509000,전자세금계산서,TAX-202608-0046,합성고무 원재료 구매,포트폴리오용 합성 거래
JV2026081047,1,2026-08-01,원재료 매입,D002,V001,차변,1210,원재료,5020000,전자세금계산서,TAX-202608-0047,고무 원재료 외상 매입,포트폴리오용 합성 거래
JV2026081047,2,2026-08-01,원재료 매입,D002,V001,차변,1180,부가세대급금,502000,전자세금계산서,TAX-202608-0047,고무 원재료 외상 매입,포트폴리오용 합성 거래
JV2026081047,3,2026-08-01,원재료 매입,D002,V001,대변,2110,외상매입금,5522000,전자세금계산서,TAX-202608-0047,고무 원재료 외상 매입,포트폴리오용 합성 거래
JV2026081048,1,2026-08-12,생산설비 구매,D002,V007,차변,1510,기계장치,37770000,전자세금계산서,TAX-202608-0048,생산설비 구매,포트폴리오용 합성 거래
JV2026081048,2,2026-08-12,생산설비 구매,D002,V007,차변,1180,부가세대급금,3777000,전자세금계산서,TAX-202608-0048,생산설비 구매,포트폴리오용 합성 거래
JV2026081048,3,2026-08-12,생산설비 구매,D002,V007,대변,2120,미지급금,41547000,전자세금계산서,TAX-202608-0048,생산설비 구매,포트폴리오용 합성 거래
JV2026081049,1,2026-08-04,제품 판매,D006,C004,차변,1130,외상매출금,19382000,전자세금계산서,TAX-202608-0049,방진부품 외상 판매,포트폴리오용 합성 거래
JV2026081049,2,2026-08-04,제품 판매,D006,C004,대변,4110,제품매출,17620000,전자세금계산서,TAX-202608-0049,방진부품 외상 판매,포트폴리오용 합성 거래
JV2026081049,3,2026-08-04,제품 판매,D006,C004,대변,2180,부가세예수금,1762000,전자세금계산서,TAX-202608-0049,방진부품 외상 판매,포트폴리오용 합성 거래
JV2026081050,1,2026-08-31,제품 판매,D006,C003,차변,1130,외상매출금,6523000,전자세금계산서,TAX-202608-0050,자동차용 고무부품 외상 판매,포트폴리오용 합성 거래
JV2026081050,2,2026-08-31,제품 판매,D006,C003,대변,4110,제품매출,5930000,전자세금계산서,TAX-202608-0050,자동차용 고무부품 외상 판매,포트폴리오용 합성 거래
JV2026081050,3,2026-08-31,제품 판매,D006,C003,대변,2180,부가세예수금,593000,전자세금계산서,TAX-202608-0050,자동차용 고무부품 외상 판매,포트폴리오용 합성 거래
JV2026081051,1,2026-08-22,산업용 소모품 구매,D004,V004,차변,5130,소모품비,200000,법인카드,TAX-202608-0051,검사용 소모품 구매,포트폴리오용 합성 거래
JV2026081051,2,2026-08-22,산업용 소모품 구매,D004,V004,차변,1180,부가세대급금,20000,법인카드,TAX-202608-0051,검사용 소모품 구매,포트폴리오용 합성 거래
JV2026081051,3,2026-08-22,산업용 소모품 구매,D004,V004,대변,2110,외상매입금,220000,법인카드,TAX-202608-0051,검사용 소모품 구매,포트폴리오용 합성 거래
JV2026081052,1,2026-08-09,제품 판매,D006,C004,차변,1130,외상매출금,15917000,전자세금계산서,TAX-202608-0052,자동차용 고무부품 외상 판매,포트폴리오용 합성 거래
JV2026081052,2,2026-08-09,제품 판매,D006,C004,대변,4110,제품매출,14470000,전자세금계산서,TAX-202608-0052,자동차용 고무부품 외상 판매,포트폴리오용 합성 거래
JV2026081052,3,2026-08-09,제품 판매,D006,C004,대변,2180,부가세예수금,1447000,전자세금계산서,TAX-202608-0052,자동차용 고무부품 외상 판매,포트폴리오용 합성 거래
JV2026081053,1,2026-08-03,운송비,D007,V005,차변,5140,운반비,1090000,전자세금계산서,TAX-202608-0053,제품 납품 운송비,포트폴리오용 합성 거래
JV2026081053,2,2026-08-03,운송비,D007,V005,차변,1180,부가세대급금,109000,전자세금계산서,TAX-202608-0053,제품 납품 운송비,포트폴리오용 합성 거래
JV2026081053,3,2026-08-03,운송비,D007,V005,대변,2120,미지급금,1199000,전자세금계산서,TAX-202608-0053,제품 납품 운송비,포트폴리오용 합성 거래
JV2026081054,1,2026-08-20,운송비,D007,V005,차변,5140,운반비,1150000,전자세금계산서,TAX-202608-0054,긴급 납품 운송비,포트폴리오용 합성 거래
JV2026081054,2,2026-08-20,운송비,D007,V005,차변,1180,부가세대급금,115000,전자세금계산서,TAX-202608-0054,긴급 납품 운송비,포트폴리오용 합성 거래
JV2026081054,3,2026-08-20,운송비,D007,V005,대변,2120,미지급금,1265000,전자세금계산서,TAX-202608-0054,긴급 납품 운송비,포트폴리오용 합성 거래
JV2026081055,1,2026-08-08,원재료 매입,D002,V001,차변,1210,원재료,7390000,전자세금계산서,TAX-202608-0055,고무 원재료 외상 매입,포트폴리오용 합성 거래
JV2026081055,2,2026-08-08,원재료 매입,D002,V001,차변,1180,부가세대급금,739000,전자세금계산서,TAX-202608-0055,고무 원재료 외상 매입,포트폴리오용 합성 거래
JV2026081055,3,2026-08-08,원재료 매입,D002,V001,대변,2110,외상매입금,8129000,전자세금계산서,TAX-202608-0055,고무 원재료 외상 매입,포트폴리오용 합성 거래
JV2026081056,1,2026-08-11,운송비,D007,V005,차변,5140,운반비,610000,전자세금계산서,TAX-202608-0056,제품 납품 운송비,포트폴리오용 합성 거래
JV2026081056,2,2026-08-11,운송비,D007,V005,차변,1180,부가세대급금,61000,전자세금계산서,TAX-202608-0056,제품 납품 운송비,포트폴리오용 합성 거래
JV2026081056,3,2026-08-11,운송비,D007,V005,대변,2120,미지급금,671000,전자세금계산서,TAX-202608-0056,제품 납품 운송비,포트폴리오용 합성 거래
JV2026081057,1,2026-08-16,원재료 매입,D002,V002,차변,1210,원재료,6710000,전자세금계산서,TAX-202608-0057,합성고무 원재료 구매,포트폴리오용 합성 거래
JV2026081057,2,2026-08-16,원재료 매입,D002,V002,차변,1180,부가세대급금,671000,전자세금계산서,TAX-202608-0057,합성고무 원재료 구매,포트폴리오용 합성 거래
JV2026081057,3,2026-08-16,원재료 매입,D002,V002,대변,2110,외상매입금,7381000,전자세금계산서,TAX-202608-0057,합성고무 원재료 구매,포트폴리오용 합성 거래
JV2026081058,1,2026-08-12,원재료 매입,D002,V001,차변,1210,원재료,5520000,전자세금계산서,TAX-202608-0058,합성고무 원재료 구매,포트폴리오용 합성 거래
JV2026081058,2,2026-08-12,원재료 매입,D002,V001,차변,1180,부가세대급금,552000,전자세금계산서,TAX-202608-0058,합성고무 원재료 구매,포트폴리오용 합성 거래
JV2026081058,3,2026-08-12,원재료 매입,D002,V001,대변,2110,외상매입금,6072000,전자세금계산서,TAX-202608-0058,합성고무 원재료 구매,포트폴리오용 합성 거래
JV2026081059,1,2026-08-09,제품 판매,D006,C003,차변,1130,외상매출금,17116000,전자세금계산서,TAX-202608-0059,방진부품 외상 판매,포트폴리오용 합성 거래
JV2026081059,2,2026-08-09,제품 판매,D006,C003,대변,4110,제품매출,15560000,전자세금계산서,TAX-202608-0059,방진부품 외상 판매,포트폴리오용 합성 거래
JV2026081059,3,2026-08-09,제품 판매,D006,C003,대변,2180,부가세예수금,1556000,전자세금계산서,TAX-202608-0059,방진부품 외상 판매,포트폴리오용 합성 거래
JV2026081060,1,2026-08-20,산업용 소모품 구매,D007,V004,차변,5130,소모품비,330000,법인카드,TAX-202608-0060,제품 포장재 구매,포트폴리오용 합성 거래
JV2026081060,2,2026-08-20,산업용 소모품 구매,D007,V004,차변,1180,부가세대급금,33000,법인카드,TAX-202608-0060,제품 포장재 구매,포트폴리오용 합성 거래
JV2026081060,3,2026-08-20,산업용 소모품 구매,D007,V004,대변,2110,외상매입금,363000,법인카드,TAX-202608-0060,제품 포장재 구매,포트폴리오용 합성 거래
JV2026081061,1,2026-08-11,산업용 소모품 구매,D007,V003,차변,5130,소모품비,810000,법인카드,CARD-202608-0061,현장 안전용품 구매,포트폴리오용 합성 거래
JV2026081061,2,2026-08-11,산업용 소모품 구매,D007,V003,차변,1180,부가세대급금,81000,법인카드,CARD-202608-0061,현장 안전용품 구매,포트폴리오용 합성 거래
JV2026081061,3,2026-08-11,산업용 소모품 구매,D007,V003,대변,2140,카드미지급금,891000,법인카드,CARD-202608-0061,현장 안전용품 구매,포트폴리오용 합성 거래
JV2026081062,1,2026-08-30,제품 판매,D006,C004,차변,1130,외상매출금,17050000,전자세금계산서,TAX-202608-0062,고무호스 제품 외상 판매,포트폴리오용 합성 거래
JV2026081062,2,2026-08-30,제품 판매,D006,C004,대변,4110,제품매출,15500000,전자세금계산서,TAX-202608-0062,고무호스 제품 외상 판매,포트폴리오용 합성 거래
JV2026081062,3,2026-08-30,제품 판매,D006,C004,대변,2180,부가세예수금,1550000,전자세금계산서,TAX-202608-0062,고무호스 제품 외상 판매,포트폴리오용 합성 거래
JV2026081064,1,2026-08-22,원재료 매입,D002,V002,차변,1210,원재료,2620000,전자세금계산서,TAX-202608-0064,합성고무 원재료 구매,포트폴리오용 합성 거래
JV2026081064,2,2026-08-22,원재료 매입,D002,V002,차변,1180,부가세대급금,262000,전자세금계산서,TAX-202608-0064,합성고무 원재료 구매,포트폴리오용 합성 거래
JV2026081064,3,2026-08-22,원재료 매입,D002,V002,대변,2110,외상매입금,2882000,전자세금계산서,TAX-202608-0064,합성고무 원재료 구매,포트폴리오용 합성 거래
JV2026081065,1,2026-08-04,생산설비 구매,D002,V007,차변,1510,기계장치,11600000,전자세금계산서,TAX-202608-0065,생산설비 구매,포트폴리오용 합성 거래
JV2026081065,2,2026-08-04,생산설비 구매,D002,V007,차변,1180,부가세대급금,1160000,전자세금계산서,TAX-202608-0065,생산설비 구매,포트폴리오용 합성 거래
JV2026081065,3,2026-08-04,생산설비 구매,D002,V007,대변,2120,미지급금,12760000,전자세금계산서,TAX-202608-0065,생산설비 구매,포트폴리오용 합성 거래
JV2026081066,1,2026-08-16,원재료 매입,D002,V002,차변,1210,원재료,6030000,전자세금계산서,TAX-202608-0066,고무 원재료 외상 매입,포트폴리오용 합성 거래
JV2026081066,2,2026-08-16,원재료 매입,D002,V002,차변,1180,부가세대급금,603000,전자세금계산서,TAX-202608-0066,고무 원재료 외상 매입,포트폴리오용 합성 거래
JV2026081066,3,2026-08-16,원재료 매입,D002,V002,대변,2110,외상매입금,6633000,전자세금계산서,TAX-202608-0066,고무 원재료 외상 매입,포트폴리오용 합성 거래
JV2026081067,1,2026-08-17,공장 전기요금,D003,V006,차변,5150,전력비,2270000,전자세금계산서,TAX-202608-0067,공장 설비 전력 사용료,포트폴리오용 합성 거래
JV2026081067,2,2026-08-17,공장 전기요금,D003,V006,차변,1180,부가세대급금,227000,전자세금계산서,TAX-202608-0067,공장 설비 전력 사용료,포트폴리오용 합성 거래
JV2026081067,3,2026-08-17,공장 전기요금,D003,V006,대변,2120,미지급금,2497000,전자세금계산서,TAX-202608-0067,공장 설비 전력 사용료,포트폴리오용 합성 거래
JV2026081068,1,2026-08-19,공장 전기요금,D004,V006,차변,5150,전력비,4740000,전자세금계산서,TAX-202608-0068,공장 설비 전력 사용료,포트폴리오용 합성 거래
JV2026081068,2,2026-08-19,공장 전기요금,D004,V006,차변,1180,부가세대급금,474000,전자세금계산서,TAX-202608-0068,공장 설비 전력 사용료,포트폴리오용 합성 거래
JV2026081068,3,2026-08-19,공장 전기요금,D004,V006,대변,2120,미지급금,5214000,전자세금계산서,TAX-202608-0068,공장 설비 전력 사용료,포트폴리오용 합성 거래
JV2026081070,1,2026-08-27,운송비,D007,V005,차변,5140,운반비,400000,전자세금계산서,TAX-202608-0070,긴급 납품 운송비,포트폴리오용 합성 거래
JV2026081070,2,2026-08-27,운송비,D007,V005,차변,1180,부가세대급금,40000,전자세금계산서,TAX-202608-0070,긴급 납품 운송비,포트폴리오용 합성 거래
JV2026081070,3,2026-08-27,운송비,D007,V005,대변,2120,미지급금,440000,전자세금계산서,TAX-202608-0070,긴급 납품 운송비,포트폴리오용 합성 거래
JV2026081071,1,2026-08-01,운송비,D007,V005,차변,5140,운반비,800000,전자세금계산서,TAX-202608-0071,긴급 납품 운송비,포트폴리오용 합성 거래
JV2026081071,2,2026-08-01,운송비,D007,V005,차변,1180,부가세대급금,80000,전자세금계산서,TAX-202608-0071,긴급 납품 운송비,포트폴리오용 합성 거래
JV2026081071,3,2026-08-01,운송비,D007,V005,대변,2120,미지급금,880000,전자세금계산서,TAX-202608-0071,긴급 납품 운송비,포트폴리오용 합성 거래
JV2026081072,1,2026-08-17,운송비,D007,V005,차변,5140,운반비,360000,전자세금계산서,TAX-202608-0072,긴급 납품 운송비,포트폴리오용 합성 거래
JV2026081072,2,2026-08-17,운송비,D007,V005,차변,1180,부가세대급금,36000,전자세금계산서,TAX-202608-0072,긴급 납품 운송비,포트폴리오용 합성 거래
JV2026081072,3,2026-08-17,운송비,D007,V005,대변,2120,미지급금,396000,전자세금계산서,TAX-202608-0072,긴급 납품 운송비,포트폴리오용 합성 거래
JV2026081073,1,2026-08-14,제품 판매,D006,C002,차변,1130,외상매출금,18656000,전자세금계산서,TAX-202608-0073,자동차용 고무부품 외상 판매,포트폴리오용 합성 거래
JV2026081073,2,2026-08-14,제품 판매,D006,C002,대변,4110,제품매출,16960000,전자세금계산서,TAX-202608-0073,자동차용 고무부품 외상 판매,포트폴리오용 합성 거래
JV2026081073,3,2026-08-14,제품 판매,D006,C002,대변,2180,부가세예수금,1696000,전자세금계산서,TAX-202608-0073,자동차용 고무부품 외상 판매,포트폴리오용 합성 거래
JV2026081074,1,2026-08-05,제품 판매,D006,C004,차변,1130,외상매출금,6369000,전자세금계산서,TAX-202608-0074,자동차용 고무부품 외상 판매,포트폴리오용 합성 거래
JV2026081074,2,2026-08-05,제품 판매,D006,C004,대변,4110,제품매출,5790000,전자세금계산서,TAX-202608-0074,자동차용 고무부품 외상 판매,포트폴리오용 합성 거래
JV2026081074,3,2026-08-05,제품 판매,D006,C004,대변,2180,부가세예수금,579000,전자세금계산서,TAX-202608-0074,자동차용 고무부품 외상 판매,포트폴리오용 합성 거래
JV2026081075,1,2026-08-03,산업용 소모품 구매,D003,V004,차변,5130,소모품비,690000,법인카드,TAX-202608-0075,제품 포장재 구매,포트폴리오용 합성 거래
JV2026081075,2,2026-08-03,산업용 소모품 구매,D003,V004,차변,1180,부가세대급금,69000,법인카드,TAX-202608-0075,제품 포장재 구매,포트폴리오용 합성 거래
JV2026081075,3,2026-08-03,산업용 소모품 구매,D003,V004,대변,2110,외상매입금,759000,법인카드,TAX-202608-0075,제품 포장재 구매,포트폴리오용 합성 거래
JV2026081076,1,2026-08-21,제품 판매,D006,C003,차변,1130,외상매출금,13497000,전자세금계산서,TAX-202608-0076,자동차용 고무부품 외상 판매,포트폴리오용 합성 거래
JV2026081076,2,2026-08-21,제품 판매,D006,C003,대변,4110,제품매출,12270000,전자세금계산서,TAX-202608-0076,자동차용 고무부품 외상 판매,포트폴리오용 합성 거래
JV2026081076,3,2026-08-21,제품 판매,D006,C003,대변,2180,부가세예수금,1227000,전자세금계산서,TAX-202608-0076,자동차용 고무부품 외상 판매,포트폴리오용 합성 거래
JV2026081078,1,2026-08-24,생산설비 구매,D002,V007,차변,1510,기계장치,16250000,전자세금계산서,TAX-202608-0078,품질검사 설비 구매,포트폴리오용 합성 거래
JV2026081078,2,2026-08-24,생산설비 구매,D002,V007,차변,1180,부가세대급금,1625000,전자세금계산서,TAX-202608-0078,품질검사 설비 구매,포트폴리오용 합성 거래
JV2026081078,3,2026-08-24,생산설비 구매,D002,V007,대변,2120,미지급금,17875000,전자세금계산서,TAX-202608-0078,품질검사 설비 구매,포트폴리오용 합성 거래
JV2026081079,1,2026-08-02,공장 전기요금,D004,V006,차변,5150,전력비,2260000,전자세금계산서,TAX-202608-0079,공장 설비 전력 사용료,포트폴리오용 합성 거래
JV2026081079,2,2026-08-02,공장 전기요금,D004,V006,차변,1180,부가세대급금,226000,전자세금계산서,TAX-202608-0079,공장 설비 전력 사용료,포트폴리오용 합성 거래
JV2026081079,3,2026-08-02,공장 전기요금,D004,V006,대변,2120,미지급금,2486000,전자세금계산서,TAX-202608-0079,공장 설비 전력 사용료,포트폴리오용 합성 거래
JV2026081080,1,2026-08-26,운송비,D007,V005,차변,5140,운반비,360000,전자세금계산서,TAX-202608-0080,원재료 입고 운송비,포트폴리오용 합성 거래
JV2026081080,2,2026-08-26,운송비,D007,V005,차변,1180,부가세대급금,36000,전자세금계산서,TAX-202608-0080,원재료 입고 운송비,포트폴리오용 합성 거래
JV2026081080,3,2026-08-26,운송비,D007,V005,대변,2120,미지급금,396000,전자세금계산서,TAX-202608-0080,원재료 입고 운송비,포트폴리오용 합성 거래
JV2026081081,1,2026-08-22,제품 판매,D006,C001,차변,1130,외상매출금,16489000,전자세금계산서,TAX-202608-0081,방진부품 외상 판매,포트폴리오용 합성 거래
JV2026081081,2,2026-08-22,제품 판매,D006,C001,대변,4110,제품매출,14990000,전자세금계산서,TAX-202608-0081,방진부품 외상 판매,포트폴리오용 합성 거래
JV2026081081,3,2026-08-22,제품 판매,D006,C001,대변,2180,부가세예수금,1499000,전자세금계산서,TAX-202608-0081,방진부품 외상 판매,포트폴리오용 합성 거래
JV2026081082,1,2026-08-26,공장 전기요금,D004,V006,차변,5150,전력비,4540000,전자세금계산서,TAX-202608-0082,공장 설비 전력 사용료,포트폴리오용 합성 거래
JV2026081082,2,2026-08-26,공장 전기요금,D004,V006,차변,1180,부가세대급금,454000,전자세금계산서,TAX-202608-0082,공장 설비 전력 사용료,포트폴리오용 합성 거래
JV2026081082,3,2026-08-26,공장 전기요금,D004,V006,대변,2120,미지급금,4994000,전자세금계산서,TAX-202608-0082,공장 설비 전력 사용료,포트폴리오용 합성 거래
JV2026081084,1,2026-08-20,원재료 매입,D002,V002,차변,1210,원재료,4200000,전자세금계산서,TAX-202608-0084,고무 원재료 외상 매입,포트폴리오용 합성 거래
JV2026081084,2,2026-08-20,원재료 매입,D002,V002,차변,1180,부가세대급금,420000,전자세금계산서,TAX-202608-0084,고무 원재료 외상 매입,포트폴리오용 합성 거래
JV2026081084,3,2026-08-20,원재료 매입,D002,V002,대변,2110,외상매입금,4620000,전자세금계산서,TAX-202608-0084,고무 원재료 외상 매입,포트폴리오용 합성 거래
JV2026081085,1,2026-08-12,원재료 매입,D002,V002,차변,1210,원재료,5700000,전자세금계산서,TAX-202608-0085,합성고무 원재료 구매,포트폴리오용 합성 거래
JV2026081085,2,2026-08-12,원재료 매입,D002,V002,차변,1180,부가세대급금,570000,전자세금계산서,TAX-202608-0085,합성고무 원재료 구매,포트폴리오용 합성 거래
JV2026081085,3,2026-08-12,원재료 매입,D002,V002,대변,2110,외상매입금,6270000,전자세금계산서,TAX-202608-0085,합성고무 원재료 구매,포트폴리오용 합성 거래
JV2026081086,1,2026-08-23,원재료 매입,D002,V002,차변,1210,원재료,1500000,전자세금계산서,TAX-202608-0086,합성고무 원재료 구매,포트폴리오용 합성 거래
JV2026081086,2,2026-08-23,원재료 매입,D002,V002,차변,1180,부가세대급금,150000,전자세금계산서,TAX-202608-0086,합성고무 원재료 구매,포트폴리오용 합성 거래
JV2026081086,3,2026-08-23,원재료 매입,D002,V002,대변,2110,외상매입금,1650000,전자세금계산서,TAX-202608-0086,합성고무 원재료 구매,포트폴리오용 합성 거래
JV2026081087,1,2026-08-30,운송비,D007,V005,차변,5140,운반비,1440000,전자세금계산서,TAX-202608-0087,긴급 납품 운송비,포트폴리오용 합성 거래
JV2026081087,2,2026-08-30,운송비,D007,V005,차변,1180,부가세대급금,144000,전자세금계산서,TAX-202608-0087,긴급 납품 운송비,포트폴리오용 합성 거래
JV2026081087,3,2026-08-30,운송비,D007,V005,대변,2120,미지급금,1584000,전자세금계산서,TAX-202608-0087,긴급 납품 운송비,포트폴리오용 합성 거래
JV2026081088,1,2026-08-17,제품 판매,D006,C002,차변,1130,외상매출금,10791000,전자세금계산서,TAX-202608-0088,자동차용 씰링부품 외상 판매,포트폴리오용 합성 거래
JV2026081088,2,2026-08-17,제품 판매,D006,C002,대변,4110,제품매출,9810000,전자세금계산서,TAX-202608-0088,자동차용 씰링부품 외상 판매,포트폴리오용 합성 거래
JV2026081088,3,2026-08-17,제품 판매,D006,C002,대변,2180,부가세예수금,981000,전자세금계산서,TAX-202608-0088,자동차용 씰링부품 외상 판매,포트폴리오용 합성 거래
JV2026081089,1,2026-08-28,제품 판매,D006,C002,차변,1130,외상매출금,10032000,전자세금계산서,TAX-202608-0089,방진부품 외상 판매,포트폴리오용 합성 거래
JV2026081089,2,2026-08-28,제품 판매,D006,C002,대변,4110,제품매출,9120000,전자세금계산서,TAX-202608-0089,방진부품 외상 판매,포트폴리오용 합성 거래
JV2026081089,3,2026-08-28,제품 판매,D006,C002,대변,2180,부가세예수금,912000,전자세금계산서,TAX-202608-0089,방진부품 외상 판매,포트폴리오용 합성 거래
JV2026081090,1,2026-08-28,운송비,D007,V005,차변,5140,운반비,1270000,전자세금계산서,TAX-202608-0090,제품 납품 운송비,포트폴리오용 합성 거래
JV2026081090,2,2026-08-28,운송비,D007,V005,차변,1180,부가세대급금,127000,전자세금계산서,TAX-202608-0090,제품 납품 운송비,포트폴리오용 합성 거래
JV2026081090,3,2026-08-28,운송비,D007,V005,대변,2120,미지급금,1397000,전자세금계산서,TAX-202608-0090,제품 납품 운송비,포트폴리오용 합성 거래
JV2026081091,1,2026-08-13,공장 전기요금,D004,V006,차변,5150,전력비,4710000,전자세금계산서,TAX-202608-0091,생산2공장 전기요금,포트폴리오용 합성 거래
JV2026081091,2,2026-08-13,공장 전기요금,D004,V006,차변,1180,부가세대급금,471000,전자세금계산서,TAX-202608-0091,생산2공장 전기요금,포트폴리오용 합성 거래
JV2026081091,3,2026-08-13,공장 전기요금,D004,V006,대변,2120,미지급금,5181000,전자세금계산서,TAX-202608-0091,생산2공장 전기요금,포트폴리오용 합성 거래
JV2026081092,1,2026-08-20,산업용 소모품 구매,D005,V003,차변,5130,소모품비,250000,법인카드,CARD-202608-0092,현장 안전용품 구매,포트폴리오용 합성 거래
JV2026081092,2,2026-08-20,산업용 소모품 구매,D005,V003,차변,1180,부가세대급금,25000,법인카드,CARD-202608-0092,현장 안전용품 구매,포트폴리오용 합성 거래
JV2026081092,3,2026-08-20,산업용 소모품 구매,D005,V003,대변,2140,카드미지급금,275000,법인카드,CARD-202608-0092,현장 안전용품 구매,포트폴리오용 합성 거래
JV2026081093,1,2026-08-30,제품 판매,D006,C004,차변,1130,외상매출금,21802000,전자세금계산서,TAX-202608-0093,자동차용 씰링부품 외상 판매,포트폴리오용 합성 거래
JV2026081093,2,2026-08-30,제품 판매,D006,C004,대변,4110,제품매출,19820000,전자세금계산서,TAX-202608-0093,자동차용 씰링부품 외상 판매,포트폴리오용 합성 거래
JV2026081093,3,2026-08-30,제품 판매,D006,C004,대변,2180,부가세예수금,1982000,전자세금계산서,TAX-202608-0093,자동차용 씰링부품 외상 판매,포트폴리오용 합성 거래
JV2026081094,1,2026-08-28,제품 판매,D006,C003,차변,1130,외상매출금,15191000,전자세금계산서,TAX-202608-0094,방진부품 외상 판매,포트폴리오용 합성 거래
JV2026081094,2,2026-08-28,제품 판매,D006,C003,대변,4110,제품매출,13810000,전자세금계산서,TAX-202608-0094,방진부품 외상 판매,포트폴리오용 합성 거래
JV2026081094,3,2026-08-28,제품 판매,D006,C003,대변,2180,부가세예수금,1381000,전자세금계산서,TAX-202608-0094,방진부품 외상 판매,포트폴리오용 합성 거래
JV2026081096,1,2026-08-01,생산설비 구매,D002,V007,차변,1510,기계장치,20810000,전자세금계산서,TAX-202608-0096,생산설비 구매,포트폴리오용 합성 거래
JV2026081096,2,2026-08-01,생산설비 구매,D002,V007,차변,1180,부가세대급금,2081000,전자세금계산서,TAX-202608-0096,생산설비 구매,포트폴리오용 합성 거래
JV2026081096,3,2026-08-01,생산설비 구매,D002,V007,대변,2120,미지급금,22891000,전자세금계산서,TAX-202608-0096,생산설비 구매,포트폴리오용 합성 거래
JV2026081097,1,2026-08-30,제품 판매,D006,C003,차변,1130,외상매출금,15851000,전자세금계산서,TAX-202608-0097,자동차용 씰링부품 외상 판매,포트폴리오용 합성 거래
JV2026081097,2,2026-08-30,제품 판매,D006,C003,대변,4110,제품매출,14410000,전자세금계산서,TAX-202608-0097,자동차용 씰링부품 외상 판매,포트폴리오용 합성 거래
JV2026081097,3,2026-08-30,제품 판매,D006,C003,대변,2180,부가세예수금,1441000,전자세금계산서,TAX-202608-0097,자동차용 씰링부품 외상 판매,포트폴리오용 합성 거래
JV2026081098,1,2026-08-21,경영서비스 수수료,D001,V008,차변,5160,지급수수료,1780000,전자세금계산서,TAX-202608-0098,회계 자문 수수료,포트폴리오용 합성 거래
JV2026081098,2,2026-08-21,경영서비스 수수료,D001,V008,차변,1180,부가세대급금,178000,전자세금계산서,TAX-202608-0098,회계 자문 수수료,포트폴리오용 합성 거래
JV2026081098,3,2026-08-21,경영서비스 수수료,D001,V008,대변,2120,미지급금,1958000,전자세금계산서,TAX-202608-0098,회계 자문 수수료,포트폴리오용 합성 거래
JV2026081099,1,2026-08-31,제품 판매,D006,C003,차변,1130,외상매출금,9680000,전자세금계산서,TAX-202608-0099,고무호스 제품 외상 판매,포트폴리오용 합성 거래
JV2026081099,2,2026-08-31,제품 판매,D006,C003,대변,4110,제품매출,8800000,전자세금계산서,TAX-202608-0099,고무호스 제품 외상 판매,포트폴리오용 합성 거래
JV2026081099,3,2026-08-31,제품 판매,D006,C003,대변,2180,부가세예수금,880000,전자세금계산서,TAX-202608-0099,고무호스 제품 외상 판매,포트폴리오용 합성 거래
JV2026081100,1,2026-08-12,공장 전기요금,D003,V006,차변,5150,전력비,2530000,전자세금계산서,TAX-202608-0100,공장 설비 전력 사용료,포트폴리오용 합성 거래
JV2026081100,2,2026-08-12,공장 전기요금,D003,V006,차변,1180,부가세대급금,253000,전자세금계산서,TAX-202608-0100,공장 설비 전력 사용료,포트폴리오용 합성 거래
JV2026081100,3,2026-08-12,공장 전기요금,D003,V006,대변,2120,미지급금,2783000,전자세금계산서,TAX-202608-0100,공장 설비 전력 사용료,포트폴리오용 합성 거래
JV2026081101,1,2026-08-29,산업용 소모품 구매,D004,V003,차변,5130,소모품비,870000,법인카드,CARD-202608-0101,생산 작업용 장갑 구매,포트폴리오용 합성 거래
JV2026081101,2,2026-08-29,산업용 소모품 구매,D004,V003,차변,1180,부가세대급금,87000,법인카드,CARD-202608-0101,생산 작업용 장갑 구매,포트폴리오용 합성 거래
JV2026081101,3,2026-08-29,산업용 소모품 구매,D004,V003,대변,2140,카드미지급금,957000,법인카드,CARD-202608-0101,생산 작업용 장갑 구매,포트폴리오용 합성 거래
JV2026081102,1,2026-08-30,원재료 매입,D002,V001,차변,1210,원재료,5520000,전자세금계산서,TAX-202608-0102,고무 원재료 외상 매입,포트폴리오용 합성 거래
JV2026081102,2,2026-08-30,원재료 매입,D002,V001,차변,1180,부가세대급금,552000,전자세금계산서,TAX-202608-0102,고무 원재료 외상 매입,포트폴리오용 합성 거래
JV2026081102,3,2026-08-30,원재료 매입,D002,V001,대변,2110,외상매입금,6072000,전자세금계산서,TAX-202608-0102,고무 원재료 외상 매입,포트폴리오용 합성 거래
JV2026081103,1,2026-08-26,운송비,D007,V005,차변,5140,운반비,1040000,전자세금계산서,TAX-202608-0103,원재료 입고 운송비,포트폴리오용 합성 거래
JV2026081103,2,2026-08-26,운송비,D007,V005,차변,1180,부가세대급금,104000,전자세금계산서,TAX-202608-0103,원재료 입고 운송비,포트폴리오용 합성 거래
JV2026081103,3,2026-08-26,운송비,D007,V005,대변,2120,미지급금,1144000,전자세금계산서,TAX-202608-0103,원재료 입고 운송비,포트폴리오용 합성 거래
JV2026081104,1,2026-08-30,운송비,D007,V005,차변,5140,운반비,1200000,전자세금계산서,TAX-202608-0104,제품 납품 운송비,포트폴리오용 합성 거래
JV2026081104,2,2026-08-30,운송비,D007,V005,차변,1180,부가세대급금,120000,전자세금계산서,TAX-202608-0104,제품 납품 운송비,포트폴리오용 합성 거래
JV2026081104,3,2026-08-30,운송비,D007,V005,대변,2120,미지급금,1320000,전자세금계산서,TAX-202608-0104,제품 납품 운송비,포트폴리오용 합성 거래
JV2026081105,1,2026-08-04,산업용 소모품 구매,D004,V004,차변,5130,소모품비,430000,법인카드,TAX-202608-0105,생산 작업용 장갑 구매,포트폴리오용 합성 거래
JV2026081105,2,2026-08-04,산업용 소모품 구매,D004,V004,차변,1180,부가세대급금,43000,법인카드,TAX-202608-0105,생산 작업용 장갑 구매,포트폴리오용 합성 거래
JV2026081105,3,2026-08-04,산업용 소모품 구매,D004,V004,대변,2110,외상매입금,473000,법인카드,TAX-202608-0105,생산 작업용 장갑 구매,포트폴리오용 합성 거래
JV2026081106,1,2026-08-19,원재료 매입,D002,V002,차변,1210,원재료,5410000,전자세금계산서,TAX-202608-0106,합성고무 원재료 구매,포트폴리오용 합성 거래
JV2026081106,2,2026-08-19,원재료 매입,D002,V002,차변,1180,부가세대급금,541000,전자세금계산서,TAX-202608-0106,합성고무 원재료 구매,포트폴리오용 합성 거래
JV2026081106,3,2026-08-19,원재료 매입,D002,V002,대변,2110,외상매입금,5951000,전자세금계산서,TAX-202608-0106,합성고무 원재료 구매,포트폴리오용 합성 거래
JV2026081107,1,2026-08-13,운송비,D007,V005,차변,5140,운반비,230000,전자세금계산서,TAX-202608-0107,제품 납품 운송비,포트폴리오용 합성 거래
JV2026081107,2,2026-08-13,운송비,D007,V005,차변,1180,부가세대급금,23000,전자세금계산서,TAX-202608-0107,제품 납품 운송비,포트폴리오용 합성 거래
JV2026081107,3,2026-08-13,운송비,D007,V005,대변,2120,미지급금,253000,전자세금계산서,TAX-202608-0107,제품 납품 운송비,포트폴리오용 합성 거래
JV2026081108,1,2026-08-02,공장 전기요금,D004,V006,차변,5150,전력비,4830000,전자세금계산서,TAX-202608-0108,공장 설비 전력 사용료,포트폴리오용 합성 거래
JV2026081108,2,2026-08-02,공장 전기요금,D004,V006,차변,1180,부가세대급금,483000,전자세금계산서,TAX-202608-0108,공장 설비 전력 사용료,포트폴리오용 합성 거래
JV2026081108,3,2026-08-02,공장 전기요금,D004,V006,대변,2120,미지급금,5313000,전자세금계산서,TAX-202608-0108,공장 설비 전력 사용료,포트폴리오용 합성 거래
JV2026081109,1,2026-08-03,공장 전기요금,D004,V006,차변,5150,전력비,4790000,전자세금계산서,TAX-202608-0109,생산2공장 전기요금,포트폴리오용 합성 거래
JV2026081109,2,2026-08-03,공장 전기요금,D004,V006,차변,1180,부가세대급금,479000,전자세금계산서,TAX-202608-0109,생산2공장 전기요금,포트폴리오용 합성 거래
JV2026081109,3,2026-08-03,공장 전기요금,D004,V006,대변,2120,미지급금,5269000,전자세금계산서,TAX-202608-0109,생산2공장 전기요금,포트폴리오용 합성 거래
JV2026081110,1,2026-08-11,원재료 매입,D002,V001,차변,1210,원재료,7120000,전자세금계산서,TAX-202608-0110,자동차부품용 소재 매입,포트폴리오용 합성 거래
JV2026081110,2,2026-08-11,원재료 매입,D002,V001,차변,1180,부가세대급금,712000,전자세금계산서,TAX-202608-0110,자동차부품용 소재 매입,포트폴리오용 합성 거래
JV2026081110,3,2026-08-11,원재료 매입,D002,V001,대변,2110,외상매입금,7832000,전자세금계산서,TAX-202608-0110,자동차부품용 소재 매입,포트폴리오용 합성 거래
JV2026081111,1,2026-08-08,공장 전기요금,D003,V006,차변,5150,전력비,4290000,전자세금계산서,TAX-202608-0111,생산1공장 전기요금,포트폴리오용 합성 거래
JV2026081111,2,2026-08-08,공장 전기요금,D003,V006,차변,1180,부가세대급금,429000,전자세금계산서,TAX-202608-0111,생산1공장 전기요금,포트폴리오용 합성 거래
JV2026081111,3,2026-08-08,공장 전기요금,D003,V006,대변,2120,미지급금,4719000,전자세금계산서,TAX-202608-0111,생산1공장 전기요금,포트폴리오용 합성 거래
JV2026081113,1,2026-08-03,산업용 소모품 구매,D005,V003,차변,5130,소모품비,960000,법인카드,CARD-202608-0113,검사용 소모품 구매,포트폴리오용 합성 거래
JV2026081113,2,2026-08-03,산업용 소모품 구매,D005,V003,차변,1180,부가세대급금,96000,법인카드,CARD-202608-0113,검사용 소모품 구매,포트폴리오용 합성 거래
JV2026081113,3,2026-08-03,산업용 소모품 구매,D005,V003,대변,2140,카드미지급금,1056000,법인카드,CARD-202608-0113,검사용 소모품 구매,포트폴리오용 합성 거래
JV2026081114,1,2026-08-26,원재료 매입,D002,V002,차변,1210,원재료,7010000,전자세금계산서,TAX-202608-0114,고무 원재료 외상 매입,포트폴리오용 합성 거래
JV2026081114,2,2026-08-26,원재료 매입,D002,V002,차변,1180,부가세대급금,701000,전자세금계산서,TAX-202608-0114,고무 원재료 외상 매입,포트폴리오용 합성 거래
JV2026081114,3,2026-08-26,원재료 매입,D002,V002,대변,2110,외상매입금,7711000,전자세금계산서,TAX-202608-0114,고무 원재료 외상 매입,포트폴리오용 합성 거래
JV2026081115,1,2026-08-04,산업용 소모품 구매,D003,V003,차변,5130,소모품비,670000,법인카드,CARD-202608-0115,제품 포장재 구매,포트폴리오용 합성 거래
JV2026081115,2,2026-08-04,산업용 소모품 구매,D003,V003,차변,1180,부가세대급금,67000,법인카드,CARD-202608-0115,제품 포장재 구매,포트폴리오용 합성 거래
JV2026081115,3,2026-08-04,산업용 소모품 구매,D003,V003,대변,2140,카드미지급금,737000,법인카드,CARD-202608-0115,제품 포장재 구매,포트폴리오용 합성 거래
JV2026081116,1,2026-08-11,생산설비 구매,D002,V007,차변,1510,기계장치,14120000,전자세금계산서,TAX-202608-0116,생산설비 구매,포트폴리오용 합성 거래
JV2026081116,2,2026-08-11,생산설비 구매,D002,V007,차변,1180,부가세대급금,1412000,전자세금계산서,TAX-202608-0116,생산설비 구매,포트폴리오용 합성 거래
JV2026081116,3,2026-08-11,생산설비 구매,D002,V007,대변,2120,미지급금,15532000,전자세금계산서,TAX-202608-0116,생산설비 구매,포트폴리오용 합성 거래
JV2026081118,1,2026-08-17,원재료 매입,D002,V001,차변,1210,원재료,1980000,전자세금계산서,TAX-202608-0118,자동차부품용 소재 매입,포트폴리오용 합성 거래
JV2026081118,2,2026-08-17,원재료 매입,D002,V001,차변,1180,부가세대급금,198000,전자세금계산서,TAX-202608-0118,자동차부품용 소재 매입,포트폴리오용 합성 거래
JV2026081118,3,2026-08-17,원재료 매입,D002,V001,대변,2110,외상매입금,2178000,전자세금계산서,TAX-202608-0118,자동차부품용 소재 매입,포트폴리오용 합성 거래
JV2026081119,1,2026-08-24,산업용 소모품 구매,D003,V004,차변,5130,소모품비,320000,법인카드,TAX-202608-0119,제품 포장재 구매,포트폴리오용 합성 거래
JV2026081119,2,2026-08-24,산업용 소모품 구매,D003,V004,차변,1180,부가세대급금,32000,법인카드,TAX-202608-0119,제품 포장재 구매,포트폴리오용 합성 거래
JV2026081119,3,2026-08-24,산업용 소모품 구매,D003,V004,대변,2110,외상매입금,352000,법인카드,TAX-202608-0119,제품 포장재 구매,포트폴리오용 합성 거래
JV2026081120,1,2026-08-17,제품 판매,D006,C001,차변,1130,외상매출금,20328000,전자세금계산서,TAX-202608-0120,고무호스 제품 외상 판매,포트폴리오용 합성 거래
JV2026081120,2,2026-08-17,제품 판매,D006,C001,대변,4110,제품매출,18480000,전자세금계산서,TAX-202608-0120,고무호스 제품 외상 판매,포트폴리오용 합성 거래
JV2026081120,3,2026-08-17,제품 판매,D006,C001,대변,2180,부가세예수금,1848000,전자세금계산서,TAX-202608-0120,고무호스 제품 외상 판매,포트폴리오용 합성 거래
JV2026081121,1,2026-08-09,경영서비스 수수료,D001,V008,차변,5160,지급수수료,790000,전자세금계산서,TAX-202608-0121,업무 시스템 자문료,포트폴리오용 합성 거래
JV2026081121,2,2026-08-09,경영서비스 수수료,D001,V008,차변,1180,부가세대급금,79000,전자세금계산서,TAX-202608-0121,업무 시스템 자문료,포트폴리오용 합성 거래
JV2026081121,3,2026-08-09,경영서비스 수수료,D001,V008,대변,2120,미지급금,869000,전자세금계산서,TAX-202608-0121,업무 시스템 자문료,포트폴리오용 합성 거래
JV2026081122,1,2026-08-16,제품 판매,D006,C002,차변,1130,외상매출금,11308000,전자세금계산서,TAX-202608-0122,고무호스 제품 외상 판매,포트폴리오용 합성 거래
JV2026081122,2,2026-08-16,제품 판매,D006,C002,대변,4110,제품매출,10280000,전자세금계산서,TAX-202608-0122,고무호스 제품 외상 판매,포트폴리오용 합성 거래
JV2026081122,3,2026-08-16,제품 판매,D006,C002,대변,2180,부가세예수금,1028000,전자세금계산서,TAX-202608-0122,고무호스 제품 외상 판매,포트폴리오용 합성 거래
JV2026081123,1,2026-08-04,산업용 소모품 구매,D005,V003,차변,5130,소모품비,210000,법인카드,CARD-202608-0123,생산 작업용 장갑 구매,포트폴리오용 합성 거래
JV2026081123,2,2026-08-04,산업용 소모품 구매,D005,V003,차변,1180,부가세대급금,21000,법인카드,CARD-202608-0123,생산 작업용 장갑 구매,포트폴리오용 합성 거래
JV2026081123,3,2026-08-04,산업용 소모품 구매,D005,V003,대변,2140,카드미지급금,231000,법인카드,CARD-202608-0123,생산 작업용 장갑 구매,포트폴리오용 합성 거래
JV2026081124,1,2026-08-09,제품 판매,D006,C003,차변,1130,외상매출금,8294000,전자세금계산서,TAX-202608-0124,고무호스 제품 외상 판매,포트폴리오용 합성 거래
JV2026081124,2,2026-08-09,제품 판매,D006,C003,대변,4110,제품매출,7540000,전자세금계산서,TAX-202608-0124,고무호스 제품 외상 판매,포트폴리오용 합성 거래
JV2026081124,3,2026-08-09,제품 판매,D006,C003,대변,2180,부가세예수금,754000,전자세금계산서,TAX-202608-0124,고무호스 제품 외상 판매,포트폴리오용 합성 거래
JV2026081126,1,2026-08-05,운송비,D007,V005,차변,5140,운반비,1180000,전자세금계산서,TAX-202608-0126,제품 납품 운송비,포트폴리오용 합성 거래
JV2026081126,2,2026-08-05,운송비,D007,V005,차변,1180,부가세대급금,118000,전자세금계산서,TAX-202608-0126,제품 납품 운송비,포트폴리오용 합성 거래
JV2026081126,3,2026-08-05,운송비,D007,V005,대변,2120,미지급금,1298000,전자세금계산서,TAX-202608-0126,제품 납품 운송비,포트폴리오용 합성 거래
JV2026081127,1,2026-08-21,공장 전기요금,D004,V006,차변,5150,전력비,1520000,전자세금계산서,TAX-202608-0127,공장 설비 전력 사용료,포트폴리오용 합성 거래
JV2026081127,2,2026-08-21,공장 전기요금,D004,V006,차변,1180,부가세대급금,152000,전자세금계산서,TAX-202608-0127,공장 설비 전력 사용료,포트폴리오용 합성 거래
JV2026081127,3,2026-08-21,공장 전기요금,D004,V006,대변,2120,미지급금,1672000,전자세금계산서,TAX-202608-0127,공장 설비 전력 사용료,포트폴리오용 합성 거래
JV2026081128,1,2026-08-13,제품 판매,D006,C001,차변,1130,외상매출금,15015000,전자세금계산서,TAX-202608-0128,방진부품 외상 판매,포트폴리오용 합성 거래
JV2026081128,2,2026-08-13,제품 판매,D006,C001,대변,4110,제품매출,13650000,전자세금계산서,TAX-202608-0128,방진부품 외상 판매,포트폴리오용 합성 거래
JV2026081128,3,2026-08-13,제품 판매,D006,C001,대변,2180,부가세예수금,1365000,전자세금계산서,TAX-202608-0128,방진부품 외상 판매,포트폴리오용 합성 거래
JV2026081129,1,2026-08-26,제품 판매,D006,C002,차변,1130,외상매출금,16016000,전자세금계산서,TAX-202608-0129,방진부품 외상 판매,포트폴리오용 합성 거래
JV2026081129,2,2026-08-26,제품 판매,D006,C002,대변,4110,제품매출,14560000,전자세금계산서,TAX-202608-0129,방진부품 외상 판매,포트폴리오용 합성 거래
JV2026081129,3,2026-08-26,제품 판매,D006,C002,대변,2180,부가세예수금,1456000,전자세금계산서,TAX-202608-0129,방진부품 외상 판매,포트폴리오용 합성 거래
JV2026081130,1,2026-08-11,경영서비스 수수료,D001,V008,차변,5160,지급수수료,1240000,전자세금계산서,TAX-202608-0130,회계 자문 수수료,포트폴리오용 합성 거래
JV2026081130,2,2026-08-11,경영서비스 수수료,D001,V008,차변,1180,부가세대급금,124000,전자세금계산서,TAX-202608-0130,회계 자문 수수료,포트폴리오용 합성 거래
JV2026081130,3,2026-08-11,경영서비스 수수료,D001,V008,대변,2120,미지급금,1364000,전자세금계산서,TAX-202608-0130,회계 자문 수수료,포트폴리오용 합성 거래
JV2026081131,1,2026-08-10,원재료 매입,D002,V002,차변,1210,원재료,5910000,전자세금계산서,TAX-202608-0131,고무 원재료 외상 매입,포트폴리오용 합성 거래
JV2026081131,2,2026-08-10,원재료 매입,D002,V002,차변,1180,부가세대급금,591000,전자세금계산서,TAX-202608-0131,고무 원재료 외상 매입,포트폴리오용 합성 거래
JV2026081131,3,2026-08-10,원재료 매입,D002,V002,대변,2110,외상매입금,6501000,전자세금계산서,TAX-202608-0131,고무 원재료 외상 매입,포트폴리오용 합성 거래
JV2026081132,1,2026-08-14,제품 판매,D006,C002,차변,1130,외상매출금,21736000,전자세금계산서,TAX-202608-0132,방진부품 외상 판매,포트폴리오용 합성 거래
JV2026081132,2,2026-08-14,제품 판매,D006,C002,대변,4110,제품매출,19760000,전자세금계산서,TAX-202608-0132,방진부품 외상 판매,포트폴리오용 합성 거래
JV2026081132,3,2026-08-14,제품 판매,D006,C002,대변,2180,부가세예수금,1976000,전자세금계산서,TAX-202608-0132,방진부품 외상 판매,포트폴리오용 합성 거래
JV2026081133,1,2026-08-27,원재료 매입,D002,V001,차변,1210,원재료,7330000,전자세금계산서,TAX-202608-0133,합성고무 원재료 구매,포트폴리오용 합성 거래
JV2026081133,2,2026-08-27,원재료 매입,D002,V001,차변,1180,부가세대급금,733000,전자세금계산서,TAX-202608-0133,합성고무 원재료 구매,포트폴리오용 합성 거래
JV2026081133,3,2026-08-27,원재료 매입,D002,V001,대변,2110,외상매입금,8063000,전자세금계산서,TAX-202608-0133,합성고무 원재료 구매,포트폴리오용 합성 거래
JV2026081134,1,2026-08-06,원재료 매입,D002,V001,차변,1210,원재료,4380000,전자세금계산서,TAX-202608-0134,고무 원재료 외상 매입,포트폴리오용 합성 거래
JV2026081134,2,2026-08-06,원재료 매입,D002,V001,차변,1180,부가세대급금,438000,전자세금계산서,TAX-202608-0134,고무 원재료 외상 매입,포트폴리오용 합성 거래
JV2026081134,3,2026-08-06,원재료 매입,D002,V001,대변,2110,외상매입금,4818000,전자세금계산서,TAX-202608-0134,고무 원재료 외상 매입,포트폴리오용 합성 거래
JV2026081135,1,2026-08-22,공장 전기요금,D003,V006,차변,5150,전력비,2440000,전자세금계산서,TAX-202608-0135,생산1공장 전기요금,포트폴리오용 합성 거래
JV2026081135,2,2026-08-22,공장 전기요금,D003,V006,차변,1180,부가세대급금,244000,전자세금계산서,TAX-202608-0135,생산1공장 전기요금,포트폴리오용 합성 거래
JV2026081135,3,2026-08-22,공장 전기요금,D003,V006,대변,2120,미지급금,2684000,전자세금계산서,TAX-202608-0135,생산1공장 전기요금,포트폴리오용 합성 거래
JV2026081136,1,2026-08-04,제품 판매,D006,C001,차변,1130,외상매출금,15323000,전자세금계산서,TAX-202608-0136,자동차용 고무부품 외상 판매,포트폴리오용 합성 거래
JV2026081136,2,2026-08-04,제품 판매,D006,C001,대변,4110,제품매출,13930000,전자세금계산서,TAX-202608-0136,자동차용 고무부품 외상 판매,포트폴리오용 합성 거래
JV2026081136,3,2026-08-04,제품 판매,D006,C001,대변,2180,부가세예수금,1393000,전자세금계산서,TAX-202608-0136,자동차용 고무부품 외상 판매,포트폴리오용 합성 거래
JV2026081138,1,2026-08-26,공장 전기요금,D003,V006,차변,5150,전력비,1180000,전자세금계산서,TAX-202608-0138,생산2공장 전기요금,포트폴리오용 합성 거래
JV2026081138,2,2026-08-26,공장 전기요금,D003,V006,차변,1180,부가세대급금,118000,전자세금계산서,TAX-202608-0138,생산2공장 전기요금,포트폴리오용 합성 거래
JV2026081138,3,2026-08-26,공장 전기요금,D003,V006,대변,2120,미지급금,1298000,전자세금계산서,TAX-202608-0138,생산2공장 전기요금,포트폴리오용 합성 거래
JV2026081139,1,2026-08-13,원재료 매입,D002,V001,차변,1210,원재료,3190000,전자세금계산서,TAX-202608-0139,고무 원재료 외상 매입,포트폴리오용 합성 거래
JV2026081139,2,2026-08-13,원재료 매입,D002,V001,차변,1180,부가세대급금,319000,전자세금계산서,TAX-202608-0139,고무 원재료 외상 매입,포트폴리오용 합성 거래
JV2026081139,3,2026-08-13,원재료 매입,D002,V001,대변,2110,외상매입금,3509000,전자세금계산서,TAX-202608-0139,고무 원재료 외상 매입,포트폴리오용 합성 거래
JV2026081140,1,2026-08-31,공장 전기요금,D004,V006,차변,5150,전력비,4600000,전자세금계산서,TAX-202608-0140,생산1공장 전기요금,포트폴리오용 합성 거래
JV2026081140,2,2026-08-31,공장 전기요금,D004,V006,차변,1180,부가세대급금,460000,전자세금계산서,TAX-202608-0140,생산1공장 전기요금,포트폴리오용 합성 거래
JV2026081140,3,2026-08-31,공장 전기요금,D004,V006,대변,2120,미지급금,5060000,전자세금계산서,TAX-202608-0140,생산1공장 전기요금,포트폴리오용 합성 거래
JV2026081141,1,2026-08-13,경영서비스 수수료,D001,V008,차변,5160,지급수수료,1410000,전자세금계산서,TAX-202608-0141,업무 시스템 자문료,포트폴리오용 합성 거래
JV2026081141,2,2026-08-13,경영서비스 수수료,D001,V008,차변,1180,부가세대급금,141000,전자세금계산서,TAX-202608-0141,업무 시스템 자문료,포트폴리오용 합성 거래
JV2026081141,3,2026-08-13,경영서비스 수수료,D001,V008,대변,2120,미지급금,1551000,전자세금계산서,TAX-202608-0141,업무 시스템 자문료,포트폴리오용 합성 거래
JV2026081142,1,2026-08-17,제품 판매,D006,C003,차변,1130,외상매출금,19052000,전자세금계산서,TAX-202608-0142,고무호스 제품 외상 판매,포트폴리오용 합성 거래
JV2026081142,2,2026-08-17,제품 판매,D006,C003,대변,4110,제품매출,17320000,전자세금계산서,TAX-202608-0142,고무호스 제품 외상 판매,포트폴리오용 합성 거래
JV2026081142,3,2026-08-17,제품 판매,D006,C003,대변,2180,부가세예수금,1732000,전자세금계산서,TAX-202608-0142,고무호스 제품 외상 판매,포트폴리오용 합성 거래
JV2026081143,1,2026-08-06,제품 판매,D006,C002,차변,1130,외상매출금,3927000,전자세금계산서,TAX-202608-0143,자동차용 고무부품 외상 판매,포트폴리오용 합성 거래
JV2026081143,2,2026-08-06,제품 판매,D006,C002,대변,4110,제품매출,3570000,전자세금계산서,TAX-202608-0143,자동차용 고무부품 외상 판매,포트폴리오용 합성 거래
JV2026081143,3,2026-08-06,제품 판매,D006,C002,대변,2180,부가세예수금,357000,전자세금계산서,TAX-202608-0143,자동차용 고무부품 외상 판매,포트폴리오용 합성 거래
JV2026081145,1,2026-08-28,원재료 매입,D002,V001,차변,1210,원재료,3280000,전자세금계산서,TAX-202608-0145,자동차부품용 소재 매입,포트폴리오용 합성 거래
JV2026081145,2,2026-08-28,원재료 매입,D002,V001,차변,1180,부가세대급금,328000,전자세금계산서,TAX-202608-0145,자동차부품용 소재 매입,포트폴리오용 합성 거래
JV2026081145,3,2026-08-28,원재료 매입,D002,V001,대변,2110,외상매입금,3608000,전자세금계산서,TAX-202608-0145,자동차부품용 소재 매입,포트폴리오용 합성 거래
JV2026081146,1,2026-08-18,원재료 매입,D002,V001,차변,1210,원재료,1460000,전자세금계산서,TAX-202608-0146,고무 원재료 외상 매입,포트폴리오용 합성 거래
JV2026081146,2,2026-08-18,원재료 매입,D002,V001,차변,1180,부가세대급금,146000,전자세금계산서,TAX-202608-0146,고무 원재료 외상 매입,포트폴리오용 합성 거래
JV2026081146,3,2026-08-18,원재료 매입,D002,V001,대변,2110,외상매입금,1606000,전자세금계산서,TAX-202608-0146,고무 원재료 외상 매입,포트폴리오용 합성 거래
JV2026081147,1,2026-08-31,공장 전기요금,D004,V006,차변,5150,전력비,1000000,전자세금계산서,TAX-202608-0147,공장 설비 전력 사용료,포트폴리오용 합성 거래
JV2026081147,2,2026-08-31,공장 전기요금,D004,V006,차변,1180,부가세대급금,100000,전자세금계산서,TAX-202608-0147,공장 설비 전력 사용료,포트폴리오용 합성 거래
JV2026081147,3,2026-08-31,공장 전기요금,D004,V006,대변,2120,미지급금,1100000,전자세금계산서,TAX-202608-0147,공장 설비 전력 사용료,포트폴리오용 합성 거래
JV2026081148,1,2026-08-16,공장 전기요금,D004,V006,차변,5150,전력비,1110000,전자세금계산서,TAX-202608-0148,공장 설비 전력 사용료,포트폴리오용 합성 거래
JV2026081148,2,2026-08-16,공장 전기요금,D004,V006,차변,1180,부가세대급금,111000,전자세금계산서,TAX-202608-0148,공장 설비 전력 사용료,포트폴리오용 합성 거래
JV2026081148,3,2026-08-16,공장 전기요금,D004,V006,대변,2120,미지급금,1221000,전자세금계산서,TAX-202608-0148,공장 설비 전력 사용료,포트폴리오용 합성 거래
JV2026081149,1,2026-08-06,제품 판매,D006,C004,차변,1130,외상매출금,13981000,전자세금계산서,TAX-202608-0149,고무호스 제품 외상 판매,포트폴리오용 합성 거래
JV2026081149,2,2026-08-06,제품 판매,D006,C004,대변,4110,제품매출,12710000,전자세금계산서,TAX-202608-0149,고무호스 제품 외상 판매,포트폴리오용 합성 거래
JV2026081149,3,2026-08-06,제품 판매,D006,C004,대변,2180,부가세예수금,1271000,전자세금계산서,TAX-202608-0149,고무호스 제품 외상 판매,포트폴리오용 합성 거래
JV2026081150,1,2026-08-28,원재료 매입,D002,V001,차변,1210,원재료,7750000,전자세금계산서,TAX-202608-0150,합성고무 원재료 구매,포트폴리오용 합성 거래
JV2026081150,2,2026-08-28,원재료 매입,D002,V001,차변,1180,부가세대급금,775000,전자세금계산서,TAX-202608-0150,합성고무 원재료 구매,포트폴리오용 합성 거래
JV2026081150,3,2026-08-28,원재료 매입,D002,V001,대변,2110,외상매입금,8525000,전자세금계산서,TAX-202608-0150,합성고무 원재료 구매,포트폴리오용 합성 거래
JV2026081151,1,2026-08-28,운송비,D007,V005,차변,5140,운반비,470000,전자세금계산서,TAX-202608-0151,원재료 입고 운송비,포트폴리오용 합성 거래
JV2026081151,2,2026-08-28,운송비,D007,V005,차변,1180,부가세대급금,47000,전자세금계산서,TAX-202608-0151,원재료 입고 운송비,포트폴리오용 합성 거래
JV2026081151,3,2026-08-28,운송비,D007,V005,대변,2120,미지급금,517000,전자세금계산서,TAX-202608-0151,원재료 입고 운송비,포트폴리오용 합성 거래
JV2026081153,1,2026-08-28,원재료 매입,D002,V001,차변,1210,원재료,6570000,전자세금계산서,TAX-202608-0153,고무 원재료 외상 매입,포트폴리오용 합성 거래
JV2026081153,2,2026-08-28,원재료 매입,D002,V001,차변,1180,부가세대급금,657000,전자세금계산서,TAX-202608-0153,고무 원재료 외상 매입,포트폴리오용 합성 거래
JV2026081153,3,2026-08-28,원재료 매입,D002,V001,대변,2110,외상매입금,7227000,전자세금계산서,TAX-202608-0153,고무 원재료 외상 매입,포트폴리오용 합성 거래
JV2026081154,1,2026-08-19,원재료 매입,D002,V002,차변,1210,원재료,3550000,전자세금계산서,TAX-202608-0154,합성고무 원재료 구매,포트폴리오용 합성 거래
JV2026081154,2,2026-08-19,원재료 매입,D002,V002,차변,1180,부가세대급금,355000,전자세금계산서,TAX-202608-0154,합성고무 원재료 구매,포트폴리오용 합성 거래
JV2026081154,3,2026-08-19,원재료 매입,D002,V002,대변,2110,외상매입금,3905000,전자세금계산서,TAX-202608-0154,합성고무 원재료 구매,포트폴리오용 합성 거래
JV2026081155,1,2026-08-10,공장 전기요금,D003,V006,차변,5150,전력비,4110000,전자세금계산서,TAX-202608-0155,생산2공장 전기요금,포트폴리오용 합성 거래
JV2026081155,2,2026-08-10,공장 전기요금,D003,V006,차변,1180,부가세대급금,411000,전자세금계산서,TAX-202608-0155,생산2공장 전기요금,포트폴리오용 합성 거래
JV2026081155,3,2026-08-10,공장 전기요금,D003,V006,대변,2120,미지급금,4521000,전자세금계산서,TAX-202608-0155,생산2공장 전기요금,포트폴리오용 합성 거래
JV2026081156,1,2026-08-05,제품 판매,D006,C003,차변,1130,외상매출금,15862000,전자세금계산서,TAX-202608-0156,자동차용 고무부품 외상 판매,포트폴리오용 합성 거래
JV2026081156,2,2026-08-05,제품 판매,D006,C003,대변,4110,제품매출,14420000,전자세금계산서,TAX-202608-0156,자동차용 고무부품 외상 판매,포트폴리오용 합성 거래
JV2026081156,3,2026-08-05,제품 판매,D006,C003,대변,2180,부가세예수금,1442000,전자세금계산서,TAX-202608-0156,자동차용 고무부품 외상 판매,포트폴리오용 합성 거래
JV2026081158,1,2026-08-22,산업용 소모품 구매,D005,V004,차변,5130,소모품비,680000,법인카드,TAX-202608-0158,생산 작업용 장갑 구매,포트폴리오용 합성 거래
JV2026081158,2,2026-08-22,산업용 소모품 구매,D005,V004,차변,1180,부가세대급금,68000,법인카드,TAX-202608-0158,생산 작업용 장갑 구매,포트폴리오용 합성 거래
JV2026081158,3,2026-08-22,산업용 소모품 구매,D005,V004,대변,2110,외상매입금,748000,법인카드,TAX-202608-0158,생산 작업용 장갑 구매,포트폴리오용 합성 거래
JV2026081159,1,2026-08-02,제품 판매,D006,C001,차변,1130,외상매출금,4444000,전자세금계산서,TAX-202608-0159,자동차용 고무부품 외상 판매,포트폴리오용 합성 거래
JV2026081159,2,2026-08-02,제품 판매,D006,C001,대변,4110,제품매출,4040000,전자세금계산서,TAX-202608-0159,자동차용 고무부품 외상 판매,포트폴리오용 합성 거래
JV2026081159,3,2026-08-02,제품 판매,D006,C001,대변,2180,부가세예수금,404000,전자세금계산서,TAX-202608-0159,자동차용 고무부품 외상 판매,포트폴리오용 합성 거래
JV2026081160,1,2026-08-23,산업용 소모품 구매,D003,V003,차변,5130,소모품비,150000,법인카드,CARD-202608-0160,현장 안전용품 구매,포트폴리오용 합성 거래
JV2026081160,2,2026-08-23,산업용 소모품 구매,D003,V003,차변,1180,부가세대급금,15000,법인카드,CARD-202608-0160,현장 안전용품 구매,포트폴리오용 합성 거래
JV2026081160,3,2026-08-23,산업용 소모품 구매,D003,V003,대변,2140,카드미지급금,165000,법인카드,CARD-202608-0160,현장 안전용품 구매,포트폴리오용 합성 거래
JV2026081161,1,2026-08-31,생산설비 구매,D002,V007,차변,1510,기계장치,26680000,전자세금계산서,TAX-202608-0161,생산설비 구매,포트폴리오용 합성 거래
JV2026081161,2,2026-08-31,생산설비 구매,D002,V007,차변,1180,부가세대급금,2668000,전자세금계산서,TAX-202608-0161,생산설비 구매,포트폴리오용 합성 거래
JV2026081161,3,2026-08-31,생산설비 구매,D002,V007,대변,2120,미지급금,29348000,전자세금계산서,TAX-202608-0161,생산설비 구매,포트폴리오용 합성 거래
JV2026081162,1,2026-08-05,제품 판매,D006,C001,차변,1130,외상매출금,20768000,전자세금계산서,TAX-202608-0162,방진부품 외상 판매,포트폴리오용 합성 거래
JV2026081162,2,2026-08-05,제품 판매,D006,C001,대변,4110,제품매출,18880000,전자세금계산서,TAX-202608-0162,방진부품 외상 판매,포트폴리오용 합성 거래
JV2026081162,3,2026-08-05,제품 판매,D006,C001,대변,2180,부가세예수금,1888000,전자세금계산서,TAX-202608-0162,방진부품 외상 판매,포트폴리오용 합성 거래
JV2026081163,1,2026-08-17,제품 판매,D006,C002,차변,1130,외상매출금,15488000,전자세금계산서,TAX-202608-0163,방진부품 외상 판매,포트폴리오용 합성 거래
JV2026081163,2,2026-08-17,제품 판매,D006,C002,대변,4110,제품매출,14080000,전자세금계산서,TAX-202608-0163,방진부품 외상 판매,포트폴리오용 합성 거래
JV2026081163,3,2026-08-17,제품 판매,D006,C002,대변,2180,부가세예수금,1408000,전자세금계산서,TAX-202608-0163,방진부품 외상 판매,포트폴리오용 합성 거래
JV2026081164,1,2026-08-01,운송비,D007,V005,차변,5140,운반비,700000,전자세금계산서,TAX-202608-0164,원재료 입고 운송비,포트폴리오용 합성 거래
JV2026081164,2,2026-08-01,운송비,D007,V005,차변,1180,부가세대급금,70000,전자세금계산서,TAX-202608-0164,원재료 입고 운송비,포트폴리오용 합성 거래
JV2026081164,3,2026-08-01,운송비,D007,V005,대변,2120,미지급금,770000,전자세금계산서,TAX-202608-0164,원재료 입고 운송비,포트폴리오용 합성 거래
JV2026081165,1,2026-08-01,원재료 매입,D002,V002,차변,1210,원재료,5870000,전자세금계산서,TAX-202608-0165,합성고무 원재료 구매,포트폴리오용 합성 거래
JV2026081165,2,2026-08-01,원재료 매입,D002,V002,차변,1180,부가세대급금,587000,전자세금계산서,TAX-202608-0165,합성고무 원재료 구매,포트폴리오용 합성 거래
JV2026081165,3,2026-08-01,원재료 매입,D002,V002,대변,2110,외상매입금,6457000,전자세금계산서,TAX-202608-0165,합성고무 원재료 구매,포트폴리오용 합성 거래
JV2026081166,1,2026-08-08,공장 전기요금,D004,V006,차변,5150,전력비,1380000,전자세금계산서,TAX-202608-0166,공장 설비 전력 사용료,포트폴리오용 합성 거래
JV2026081166,2,2026-08-08,공장 전기요금,D004,V006,차변,1180,부가세대급금,138000,전자세금계산서,TAX-202608-0166,공장 설비 전력 사용료,포트폴리오용 합성 거래
JV2026081166,3,2026-08-08,공장 전기요금,D004,V006,대변,2120,미지급금,1518000,전자세금계산서,TAX-202608-0166,공장 설비 전력 사용료,포트폴리오용 합성 거래
JV2026081167,1,2026-08-22,생산설비 구매,D002,V007,차변,1510,기계장치,31650000,전자세금계산서,TAX-202608-0167,품질검사 설비 구매,포트폴리오용 합성 거래
JV2026081167,2,2026-08-22,생산설비 구매,D002,V007,차변,1180,부가세대급금,3165000,전자세금계산서,TAX-202608-0167,품질검사 설비 구매,포트폴리오용 합성 거래
JV2026081167,3,2026-08-22,생산설비 구매,D002,V007,대변,2120,미지급금,34815000,전자세금계산서,TAX-202608-0167,품질검사 설비 구매,포트폴리오용 합성 거래
JV2026081169,1,2026-08-27,제품 판매,D006,C002,차변,1130,외상매출금,7700000,전자세금계산서,TAX-202608-0169,자동차용 씰링부품 외상 판매,포트폴리오용 합성 거래
JV2026081169,2,2026-08-27,제품 판매,D006,C002,대변,4110,제품매출,7000000,전자세금계산서,TAX-202608-0169,자동차용 씰링부품 외상 판매,포트폴리오용 합성 거래
JV2026081169,3,2026-08-27,제품 판매,D006,C002,대변,2180,부가세예수금,700000,전자세금계산서,TAX-202608-0169,자동차용 씰링부품 외상 판매,포트폴리오용 합성 거래
JV2026081170,1,2026-08-15,원재료 매입,D002,V001,차변,1210,원재료,3280000,전자세금계산서,TAX-202608-0170,자동차부품용 소재 매입,포트폴리오용 합성 거래
JV2026081170,2,2026-08-15,원재료 매입,D002,V001,차변,1180,부가세대급금,328000,전자세금계산서,TAX-202608-0170,자동차부품용 소재 매입,포트폴리오용 합성 거래
JV2026081170,3,2026-08-15,원재료 매입,D002,V001,대변,2110,외상매입금,3608000,전자세금계산서,TAX-202608-0170,자동차부품용 소재 매입,포트폴리오용 합성 거래
JV2026081171,1,2026-08-19,공장 전기요금,D004,V006,차변,5150,전력비,2020000,전자세금계산서,TAX-202608-0171,공장 설비 전력 사용료,포트폴리오용 합성 거래
JV2026081171,2,2026-08-19,공장 전기요금,D004,V006,차변,1180,부가세대급금,202000,전자세금계산서,TAX-202608-0171,공장 설비 전력 사용료,포트폴리오용 합성 거래
JV2026081171,3,2026-08-19,공장 전기요금,D004,V006,대변,2120,미지급금,2222000,전자세금계산서,TAX-202608-0171,공장 설비 전력 사용료,포트폴리오용 합성 거래
JV2026081172,1,2026-08-06,원재료 매입,D002,V002,차변,1210,원재료,4050000,전자세금계산서,TAX-202608-0172,합성고무 원재료 구매,포트폴리오용 합성 거래
JV2026081172,2,2026-08-06,원재료 매입,D002,V002,차변,1180,부가세대급금,405000,전자세금계산서,TAX-202608-0172,합성고무 원재료 구매,포트폴리오용 합성 거래
JV2026081172,3,2026-08-06,원재료 매입,D002,V002,대변,2110,외상매입금,4455000,전자세금계산서,TAX-202608-0172,합성고무 원재료 구매,포트폴리오용 합성 거래
JV2026081173,1,2026-08-27,공장 전기요금,D004,V006,차변,5150,전력비,4070000,전자세금계산서,TAX-202608-0173,공장 설비 전력 사용료,포트폴리오용 합성 거래
JV2026081173,2,2026-08-27,공장 전기요금,D004,V006,차변,1180,부가세대급금,407000,전자세금계산서,TAX-202608-0173,공장 설비 전력 사용료,포트폴리오용 합성 거래
JV2026081173,3,2026-08-27,공장 전기요금,D004,V006,대변,2120,미지급금,4477000,전자세금계산서,TAX-202608-0173,공장 설비 전력 사용료,포트폴리오용 합성 거래
JV2026081174,1,2026-08-24,운송비,D007,V005,차변,5140,운반비,980000,전자세금계산서,TAX-202608-0174,제품 납품 운송비,포트폴리오용 합성 거래
JV2026081174,2,2026-08-24,운송비,D007,V005,차변,1180,부가세대급금,98000,전자세금계산서,TAX-202608-0174,제품 납품 운송비,포트폴리오용 합성 거래
JV2026081174,3,2026-08-24,운송비,D007,V005,대변,2120,미지급금,1078000,전자세금계산서,TAX-202608-0174,제품 납품 운송비,포트폴리오용 합성 거래
JV2026081175,1,2026-08-17,산업용 소모품 구매,D004,V003,차변,5130,소모품비,140000,법인카드,CARD-202608-0175,제품 포장재 구매,포트폴리오용 합성 거래
JV2026081175,2,2026-08-17,산업용 소모품 구매,D004,V003,차변,1180,부가세대급금,14000,법인카드,CARD-202608-0175,제품 포장재 구매,포트폴리오용 합성 거래
JV2026081175,3,2026-08-17,산업용 소모품 구매,D004,V003,대변,2140,카드미지급금,154000,법인카드,CARD-202608-0175,제품 포장재 구매,포트폴리오용 합성 거래
JV2026081176,1,2026-08-17,제품 판매,D006,C002,차변,1130,외상매출금,18183000,전자세금계산서,TAX-202608-0176,고무호스 제품 외상 판매,포트폴리오용 합성 거래
JV2026081176,2,2026-08-17,제품 판매,D006,C002,대변,4110,제품매출,16530000,전자세금계산서,TAX-202608-0176,고무호스 제품 외상 판매,포트폴리오용 합성 거래
JV2026081176,3,2026-08-17,제품 판매,D006,C002,대변,2180,부가세예수금,1653000,전자세금계산서,TAX-202608-0176,고무호스 제품 외상 판매,포트폴리오용 합성 거래
JV2026081178,1,2026-08-30,공장 전기요금,D004,V006,차변,5150,전력비,3340000,전자세금계산서,TAX-202608-0178,생산1공장 전기요금,포트폴리오용 합성 거래
JV2026081178,2,2026-08-30,공장 전기요금,D004,V006,차변,1180,부가세대급금,334000,전자세금계산서,TAX-202608-0178,생산1공장 전기요금,포트폴리오용 합성 거래
JV2026081178,3,2026-08-30,공장 전기요금,D004,V006,대변,2120,미지급금,3674000,전자세금계산서,TAX-202608-0178,생산1공장 전기요금,포트폴리오용 합성 거래
JV2026081179,1,2026-08-15,공장 전기요금,D003,V006,차변,5150,전력비,3480000,전자세금계산서,TAX-202608-0179,공장 설비 전력 사용료,포트폴리오용 합성 거래
JV2026081179,2,2026-08-15,공장 전기요금,D003,V006,차변,1180,부가세대급금,348000,전자세금계산서,TAX-202608-0179,공장 설비 전력 사용료,포트폴리오용 합성 거래
JV2026081179,3,2026-08-15,공장 전기요금,D003,V006,대변,2120,미지급금,3828000,전자세금계산서,TAX-202608-0179,공장 설비 전력 사용료,포트폴리오용 합성 거래
JV2026081181,1,2026-08-03,생산설비 구매,D002,V007,차변,1510,기계장치,28870000,전자세금계산서,TAX-202608-0181,생산설비 구매,포트폴리오용 합성 거래
JV2026081181,2,2026-08-03,생산설비 구매,D002,V007,차변,1180,부가세대급금,2887000,전자세금계산서,TAX-202608-0181,생산설비 구매,포트폴리오용 합성 거래
JV2026081181,3,2026-08-03,생산설비 구매,D002,V007,대변,2120,미지급금,31757000,전자세금계산서,TAX-202608-0181,생산설비 구매,포트폴리오용 합성 거래
JV2026081182,1,2026-08-18,운송비,D007,V005,차변,5140,운반비,800000,전자세금계산서,TAX-202608-0182,제품 납품 운송비,포트폴리오용 합성 거래
JV2026081182,2,2026-08-18,운송비,D007,V005,차변,1180,부가세대급금,80000,전자세금계산서,TAX-202608-0182,제품 납품 운송비,포트폴리오용 합성 거래
JV2026081182,3,2026-08-18,운송비,D007,V005,대변,2120,미지급금,880000,전자세금계산서,TAX-202608-0182,제품 납품 운송비,포트폴리오용 합성 거래
JV2026081183,1,2026-08-05,원재료 매입,D002,V001,차변,1210,원재료,5650000,전자세금계산서,TAX-202608-0183,고무 원재료 외상 매입,포트폴리오용 합성 거래
JV2026081183,2,2026-08-05,원재료 매입,D002,V001,차변,1180,부가세대급금,565000,전자세금계산서,TAX-202608-0183,고무 원재료 외상 매입,포트폴리오용 합성 거래
JV2026081183,3,2026-08-05,원재료 매입,D002,V001,대변,2110,외상매입금,6215000,전자세금계산서,TAX-202608-0183,고무 원재료 외상 매입,포트폴리오용 합성 거래
JV2026081184,1,2026-08-21,원재료 매입,D002,V001,차변,1210,원재료,6120000,전자세금계산서,TAX-202608-0184,합성고무 원재료 구매,포트폴리오용 합성 거래
JV2026081184,2,2026-08-21,원재료 매입,D002,V001,차변,1180,부가세대급금,612000,전자세금계산서,TAX-202608-0184,합성고무 원재료 구매,포트폴리오용 합성 거래
JV2026081184,3,2026-08-21,원재료 매입,D002,V001,대변,2110,외상매입금,6732000,전자세금계산서,TAX-202608-0184,합성고무 원재료 구매,포트폴리오용 합성 거래
JV2026081185,1,2026-08-14,운송비,D007,V005,차변,5140,운반비,530000,전자세금계산서,TAX-202608-0185,원재료 입고 운송비,포트폴리오용 합성 거래
JV2026081185,2,2026-08-14,운송비,D007,V005,차변,1180,부가세대급금,53000,전자세금계산서,TAX-202608-0185,원재료 입고 운송비,포트폴리오용 합성 거래
JV2026081185,3,2026-08-14,운송비,D007,V005,대변,2120,미지급금,583000,전자세금계산서,TAX-202608-0185,원재료 입고 운송비,포트폴리오용 합성 거래
JV2026081186,1,2026-08-27,원재료 매입,D002,V002,차변,1210,원재료,1720000,전자세금계산서,TAX-202608-0186,고무 원재료 외상 매입,포트폴리오용 합성 거래
JV2026081186,2,2026-08-27,원재료 매입,D002,V002,차변,1180,부가세대급금,172000,전자세금계산서,TAX-202608-0186,고무 원재료 외상 매입,포트폴리오용 합성 거래
JV2026081186,3,2026-08-27,원재료 매입,D002,V002,대변,2110,외상매입금,1892000,전자세금계산서,TAX-202608-0186,고무 원재료 외상 매입,포트폴리오용 합성 거래
JV2026081187,1,2026-08-22,원재료 매입,D002,V001,차변,1210,원재료,3380000,전자세금계산서,TAX-202608-0187,고무 원재료 외상 매입,포트폴리오용 합성 거래
JV2026081187,2,2026-08-22,원재료 매입,D002,V001,차변,1180,부가세대급금,338000,전자세금계산서,TAX-202608-0187,고무 원재료 외상 매입,포트폴리오용 합성 거래
JV2026081187,3,2026-08-22,원재료 매입,D002,V001,대변,2110,외상매입금,3718000,전자세금계산서,TAX-202608-0187,고무 원재료 외상 매입,포트폴리오용 합성 거래
JV2026081188,1,2026-08-31,운송비,D007,V005,차변,5140,운반비,670000,전자세금계산서,TAX-202608-0188,긴급 납품 운송비,포트폴리오용 합성 거래
JV2026081188,2,2026-08-31,운송비,D007,V005,차변,1180,부가세대급금,67000,전자세금계산서,TAX-202608-0188,긴급 납품 운송비,포트폴리오용 합성 거래
JV2026081188,3,2026-08-31,운송비,D007,V005,대변,2120,미지급금,737000,전자세금계산서,TAX-202608-0188,긴급 납품 운송비,포트폴리오용 합성 거래
JV2026081189,1,2026-08-08,원재료 매입,D002,V002,차변,1210,원재료,7240000,전자세금계산서,TAX-202608-0189,고무 원재료 외상 매입,포트폴리오용 합성 거래
JV2026081189,2,2026-08-08,원재료 매입,D002,V002,차변,1180,부가세대급금,724000,전자세금계산서,TAX-202608-0189,고무 원재료 외상 매입,포트폴리오용 합성 거래
JV2026081189,3,2026-08-08,원재료 매입,D002,V002,대변,2110,외상매입금,7964000,전자세금계산서,TAX-202608-0189,고무 원재료 외상 매입,포트폴리오용 합성 거래
JV2026081190,1,2026-08-15,공장 전기요금,D004,V006,차변,5150,전력비,2260000,전자세금계산서,TAX-202608-0190,공장 설비 전력 사용료,포트폴리오용 합성 거래
JV2026081190,2,2026-08-15,공장 전기요금,D004,V006,차변,1180,부가세대급금,226000,전자세금계산서,TAX-202608-0190,공장 설비 전력 사용료,포트폴리오용 합성 거래
JV2026081190,3,2026-08-15,공장 전기요금,D004,V006,대변,2120,미지급금,2486000,전자세금계산서,TAX-202608-0190,공장 설비 전력 사용료,포트폴리오용 합성 거래
JV2026081191,1,2026-08-28,제품 판매,D006,C002,차변,1130,외상매출금,4147000,전자세금계산서,TAX-202608-0191,자동차용 씰링부품 외상 판매,포트폴리오용 합성 거래
JV2026081191,2,2026-08-28,제품 판매,D006,C002,대변,4110,제품매출,3770000,전자세금계산서,TAX-202608-0191,자동차용 씰링부품 외상 판매,포트폴리오용 합성 거래
JV2026081191,3,2026-08-28,제품 판매,D006,C002,대변,2180,부가세예수금,377000,전자세금계산서,TAX-202608-0191,자동차용 씰링부품 외상 판매,포트폴리오용 합성 거래
JV2026081192,1,2026-08-26,운송비,D007,V005,차변,5140,운반비,330000,전자세금계산서,TAX-202608-0192,제품 납품 운송비,포트폴리오용 합성 거래
JV2026081192,2,2026-08-26,운송비,D007,V005,차변,1180,부가세대급금,33000,전자세금계산서,TAX-202608-0192,제품 납품 운송비,포트폴리오용 합성 거래
JV2026081192,3,2026-08-26,운송비,D007,V005,대변,2120,미지급금,363000,전자세금계산서,TAX-202608-0192,제품 납품 운송비,포트폴리오용 합성 거래
JV2026081193,1,2026-08-03,원재료 매입,D002,V001,차변,1210,원재료,7220000,전자세금계산서,TAX-202608-0193,자동차부품용 소재 매입,포트폴리오용 합성 거래
JV2026081193,2,2026-08-03,원재료 매입,D002,V001,차변,1180,부가세대급금,722000,전자세금계산서,TAX-202608-0193,자동차부품용 소재 매입,포트폴리오용 합성 거래
JV2026081193,3,2026-08-03,원재료 매입,D002,V001,대변,2110,외상매입금,7942000,전자세금계산서,TAX-202608-0193,자동차부품용 소재 매입,포트폴리오용 합성 거래
JV2026081194,1,2026-08-28,제품 판매,D006,C003,차변,1130,외상매출금,17567000,전자세금계산서,TAX-202608-0194,방진부품 외상 판매,포트폴리오용 합성 거래
JV2026081194,2,2026-08-28,제품 판매,D006,C003,대변,4110,제품매출,15970000,전자세금계산서,TAX-202608-0194,방진부품 외상 판매,포트폴리오용 합성 거래
JV2026081194,3,2026-08-28,제품 판매,D006,C003,대변,2180,부가세예수금,1597000,전자세금계산서,TAX-202608-0194,방진부품 외상 판매,포트폴리오용 합성 거래
JV2026081196,1,2026-08-07,원재료 매입,D002,V001,차변,1210,원재료,1850000,전자세금계산서,TAX-202608-0196,고무 원재료 외상 매입,포트폴리오용 합성 거래
JV2026081196,2,2026-08-07,원재료 매입,D002,V001,차변,1180,부가세대급금,185000,전자세금계산서,TAX-202608-0196,고무 원재료 외상 매입,포트폴리오용 합성 거래
JV2026081196,3,2026-08-07,원재료 매입,D002,V001,대변,2110,외상매입금,2035000,전자세금계산서,TAX-202608-0196,고무 원재료 외상 매입,포트폴리오용 합성 거래
JV2026081198,1,2026-08-03,운송비,D007,V005,차변,5140,운반비,1280000,전자세금계산서,TAX-202608-0198,원재료 입고 운송비,포트폴리오용 합성 거래
JV2026081198,2,2026-08-03,운송비,D007,V005,차변,1180,부가세대급금,128000,전자세금계산서,TAX-202608-0198,원재료 입고 운송비,포트폴리오용 합성 거래
JV2026081198,3,2026-08-03,운송비,D007,V005,대변,2120,미지급금,1408000,전자세금계산서,TAX-202608-0198,원재료 입고 운송비,포트폴리오용 합성 거래
JV2026081199,1,2026-08-22,운송비,D007,V005,차변,5140,운반비,530000,전자세금계산서,TAX-202608-0199,긴급 납품 운송비,포트폴리오용 합성 거래
JV2026081199,2,2026-08-22,운송비,D007,V005,차변,1180,부가세대급금,53000,전자세금계산서,TAX-202608-0199,긴급 납품 운송비,포트폴리오용 합성 거래
JV2026081199,3,2026-08-22,운송비,D007,V005,대변,2120,미지급금,583000,전자세금계산서,TAX-202608-0199,긴급 납품 운송비,포트폴리오용 합성 거래
JV2026081200,1,2026-08-12,공장 전기요금,D004,V006,차변,5150,전력비,1820000,전자세금계산서,TAX-202608-0200,생산1공장 전기요금,포트폴리오용 합성 거래
JV2026081200,2,2026-08-12,공장 전기요금,D004,V006,차변,1180,부가세대급금,182000,전자세금계산서,TAX-202608-0200,생산1공장 전기요금,포트폴리오용 합성 거래
JV2026081200,3,2026-08-12,공장 전기요금,D004,V006,대변,2120,미지급금,2002000,전자세금계산서,TAX-202608-0200,생산1공장 전기요금,포트폴리오용 합성 거래
JV2026081201,1,2026-08-26,산업용 소모품 구매,D004,V003,차변,5130,소모품비,730000,법인카드,CARD-202608-0201,현장 안전용품 구매,포트폴리오용 합성 거래
JV2026081201,2,2026-08-26,산업용 소모품 구매,D004,V003,차변,1180,부가세대급금,73000,법인카드,CARD-202608-0201,현장 안전용품 구매,포트폴리오용 합성 거래
JV2026081201,3,2026-08-26,산업용 소모품 구매,D004,V003,대변,2140,카드미지급금,803000,법인카드,CARD-202608-0201,현장 안전용품 구매,포트폴리오용 합성 거래
JV2026081202,1,2026-08-13,공장 전기요금,D004,V006,차변,5150,전력비,3280000,전자세금계산서,TAX-202608-0202,공장 설비 전력 사용료,포트폴리오용 합성 거래
JV2026081202,2,2026-08-13,공장 전기요금,D004,V006,차변,1180,부가세대급금,328000,전자세금계산서,TAX-202608-0202,공장 설비 전력 사용료,포트폴리오용 합성 거래
JV2026081202,3,2026-08-13,공장 전기요금,D004,V006,대변,2120,미지급금,3608000,전자세금계산서,TAX-202608-0202,공장 설비 전력 사용료,포트폴리오용 합성 거래
JV2026081203,1,2026-08-21,제품 판매,D006,C001,차변,1130,외상매출금,20955000,전자세금계산서,TAX-202608-0203,자동차용 씰링부품 외상 판매,포트폴리오용 합성 거래
JV2026081203,2,2026-08-21,제품 판매,D006,C001,대변,4110,제품매출,19050000,전자세금계산서,TAX-202608-0203,자동차용 씰링부품 외상 판매,포트폴리오용 합성 거래
JV2026081203,3,2026-08-21,제품 판매,D006,C001,대변,2180,부가세예수금,1905000,전자세금계산서,TAX-202608-0203,자동차용 씰링부품 외상 판매,포트폴리오용 합성 거래
JV2026081204,1,2026-08-11,원재료 매입,D002,V002,차변,1210,원재료,5450000,전자세금계산서,TAX-202608-0204,합성고무 원재료 구매,포트폴리오용 합성 거래
JV2026081204,2,2026-08-11,원재료 매입,D002,V002,차변,1180,부가세대급금,545000,전자세금계산서,TAX-202608-0204,합성고무 원재료 구매,포트폴리오용 합성 거래
JV2026081204,3,2026-08-11,원재료 매입,D002,V002,대변,2110,외상매입금,5995000,전자세금계산서,TAX-202608-0204,합성고무 원재료 구매,포트폴리오용 합성 거래
JV2026081205,1,2026-08-09,원재료 매입,D002,V001,차변,1210,원재료,3420000,전자세금계산서,TAX-202608-0205,자동차부품용 소재 매입,포트폴리오용 합성 거래
JV2026081205,2,2026-08-09,원재료 매입,D002,V001,차변,1180,부가세대급금,342000,전자세금계산서,TAX-202608-0205,자동차부품용 소재 매입,포트폴리오용 합성 거래
JV2026081205,3,2026-08-09,원재료 매입,D002,V001,대변,2110,외상매입금,3762000,전자세금계산서,TAX-202608-0205,자동차부품용 소재 매입,포트폴리오용 합성 거래
JV2026081206,1,2026-08-06,원재료 매입,D002,V001,차변,1210,원재료,4210000,전자세금계산서,TAX-202608-0206,자동차부품용 소재 매입,포트폴리오용 합성 거래
JV2026081206,2,2026-08-06,원재료 매입,D002,V001,차변,1180,부가세대급금,421000,전자세금계산서,TAX-202608-0206,자동차부품용 소재 매입,포트폴리오용 합성 거래
JV2026081206,3,2026-08-06,원재료 매입,D002,V001,대변,2110,외상매입금,4631000,전자세금계산서,TAX-202608-0206,자동차부품용 소재 매입,포트폴리오용 합성 거래
JV2026081208,1,2026-08-19,원재료 매입,D002,V002,차변,1210,원재료,6730000,전자세금계산서,TAX-202608-0208,합성고무 원재료 구매,포트폴리오용 합성 거래
JV2026081208,2,2026-08-19,원재료 매입,D002,V002,차변,1180,부가세대급금,673000,전자세금계산서,TAX-202608-0208,합성고무 원재료 구매,포트폴리오용 합성 거래
JV2026081208,3,2026-08-19,원재료 매입,D002,V002,대변,2110,외상매입금,7403000,전자세금계산서,TAX-202608-0208,합성고무 원재료 구매,포트폴리오용 합성 거래
JV2026081210,1,2026-08-06,원재료 매입,D002,V002,차변,1210,원재료,5090000,전자세금계산서,TAX-202608-0210,고무 원재료 외상 매입,포트폴리오용 합성 거래
JV2026081210,2,2026-08-06,원재료 매입,D002,V002,차변,1180,부가세대급금,509000,전자세금계산서,TAX-202608-0210,고무 원재료 외상 매입,포트폴리오용 합성 거래
JV2026081210,3,2026-08-06,원재료 매입,D002,V002,대변,2110,외상매입금,5599000,전자세금계산서,TAX-202608-0210,고무 원재료 외상 매입,포트폴리오용 합성 거래
JV2026081212,1,2026-08-06,원재료 매입,D002,V002,차변,1210,원재료,2380000,전자세금계산서,TAX-202608-0212,합성고무 원재료 구매,포트폴리오용 합성 거래
JV2026081212,2,2026-08-06,원재료 매입,D002,V002,차변,1180,부가세대급금,238000,전자세금계산서,TAX-202608-0212,합성고무 원재료 구매,포트폴리오용 합성 거래
JV2026081212,3,2026-08-06,원재료 매입,D002,V002,대변,2110,외상매입금,2618000,전자세금계산서,TAX-202608-0212,합성고무 원재료 구매,포트폴리오용 합성 거래
JV2026081213,1,2026-08-03,제품 판매,D006,C001,차변,1130,외상매출금,21956000,전자세금계산서,TAX-202608-0213,방진부품 외상 판매,포트폴리오용 합성 거래
JV2026081213,2,2026-08-03,제품 판매,D006,C001,대변,4110,제품매출,19960000,전자세금계산서,TAX-202608-0213,방진부품 외상 판매,포트폴리오용 합성 거래
JV2026081213,3,2026-08-03,제품 판매,D006,C001,대변,2180,부가세예수금,1996000,전자세금계산서,TAX-202608-0213,방진부품 외상 판매,포트폴리오용 합성 거래
JV2026081214,1,2026-08-23,산업용 소모품 구매,D004,V004,차변,5130,소모품비,190000,법인카드,TAX-202608-0214,생산 작업용 장갑 구매,포트폴리오용 합성 거래
JV2026081214,2,2026-08-23,산업용 소모품 구매,D004,V004,차변,1180,부가세대급금,19000,법인카드,TAX-202608-0214,생산 작업용 장갑 구매,포트폴리오용 합성 거래
JV2026081214,3,2026-08-23,산업용 소모품 구매,D004,V004,대변,2110,외상매입금,209000,법인카드,TAX-202608-0214,생산 작업용 장갑 구매,포트폴리오용 합성 거래
JV2026081215,1,2026-08-02,제품 판매,D006,C001,차변,1130,외상매출금,21109000,전자세금계산서,TAX-202608-0215,고무호스 제품 외상 판매,포트폴리오용 합성 거래
JV2026081215,2,2026-08-02,제품 판매,D006,C001,대변,4110,제품매출,19190000,전자세금계산서,TAX-202608-0215,고무호스 제품 외상 판매,포트폴리오용 합성 거래
JV2026081215,3,2026-08-02,제품 판매,D006,C001,대변,2180,부가세예수금,1919000,전자세금계산서,TAX-202608-0215,고무호스 제품 외상 판매,포트폴리오용 합성 거래
JV2026081216,1,2026-08-17,원재료 매입,D002,V001,차변,1210,원재료,6490000,전자세금계산서,TAX-202608-0216,고무 원재료 외상 매입,포트폴리오용 합성 거래
JV2026081216,2,2026-08-17,원재료 매입,D002,V001,차변,1180,부가세대급금,649000,전자세금계산서,TAX-202608-0216,고무 원재료 외상 매입,포트폴리오용 합성 거래
JV2026081216,3,2026-08-17,원재료 매입,D002,V001,대변,2110,외상매입금,7139000,전자세금계산서,TAX-202608-0216,고무 원재료 외상 매입,포트폴리오용 합성 거래
JV2026081217,1,2026-08-05,산업용 소모품 구매,D005,V004,차변,5130,소모품비,710000,법인카드,TAX-202608-0217,생산 작업용 장갑 구매,포트폴리오용 합성 거래
JV2026081217,2,2026-08-05,산업용 소모품 구매,D005,V004,차변,1180,부가세대급금,71000,법인카드,TAX-202608-0217,생산 작업용 장갑 구매,포트폴리오용 합성 거래
JV2026081217,3,2026-08-05,산업용 소모품 구매,D005,V004,대변,2110,외상매입금,781000,법인카드,TAX-202608-0217,생산 작업용 장갑 구매,포트폴리오용 합성 거래
JV2026081219,1,2026-08-02,경영서비스 수수료,D001,V008,차변,5160,지급수수료,1250000,전자세금계산서,TAX-202608-0219,회계 자문 수수료,포트폴리오용 합성 거래
JV2026081219,2,2026-08-02,경영서비스 수수료,D001,V008,차변,1180,부가세대급금,125000,전자세금계산서,TAX-202608-0219,회계 자문 수수료,포트폴리오용 합성 거래
JV2026081219,3,2026-08-02,경영서비스 수수료,D001,V008,대변,2120,미지급금,1375000,전자세금계산서,TAX-202608-0219,회계 자문 수수료,포트폴리오용 합성 거래
JV2026081220,1,2026-08-22,산업용 소모품 구매,D007,V003,차변,5130,소모품비,690000,법인카드,CARD-202608-0220,현장 안전용품 구매,포트폴리오용 합성 거래
JV2026081220,2,2026-08-22,산업용 소모품 구매,D007,V003,차변,1180,부가세대급금,69000,법인카드,CARD-202608-0220,현장 안전용품 구매,포트폴리오용 합성 거래
JV2026081220,3,2026-08-22,산업용 소모품 구매,D007,V003,대변,2140,카드미지급금,759000,법인카드,CARD-202608-0220,현장 안전용품 구매,포트폴리오용 합성 거래
JV2026081221,1,2026-08-09,제품 판매,D006,C004,차변,1130,외상매출금,17072000,전자세금계산서,TAX-202608-0221,방진부품 외상 판매,포트폴리오용 합성 거래
JV2026081221,2,2026-08-09,제품 판매,D006,C004,대변,4110,제품매출,15520000,전자세금계산서,TAX-202608-0221,방진부품 외상 판매,포트폴리오용 합성 거래
JV2026081221,3,2026-08-09,제품 판매,D006,C004,대변,2180,부가세예수금,1552000,전자세금계산서,TAX-202608-0221,방진부품 외상 판매,포트폴리오용 합성 거래
JV2026081222,1,2026-08-21,원재료 매입,D002,V002,차변,1210,원재료,2640000,전자세금계산서,TAX-202608-0222,자동차부품용 소재 매입,포트폴리오용 합성 거래
JV2026081222,2,2026-08-21,원재료 매입,D002,V002,차변,1180,부가세대급금,264000,전자세금계산서,TAX-202608-0222,자동차부품용 소재 매입,포트폴리오용 합성 거래
JV2026081222,3,2026-08-21,원재료 매입,D002,V002,대변,2110,외상매입금,2904000,전자세금계산서,TAX-202608-0222,자동차부품용 소재 매입,포트폴리오용 합성 거래
JV2026081223,1,2026-08-26,제품 판매,D006,C003,차변,1130,외상매출금,9603000,전자세금계산서,TAX-202608-0223,자동차용 씰링부품 외상 판매,포트폴리오용 합성 거래
JV2026081223,2,2026-08-26,제품 판매,D006,C003,대변,4110,제품매출,8730000,전자세금계산서,TAX-202608-0223,자동차용 씰링부품 외상 판매,포트폴리오용 합성 거래
JV2026081223,3,2026-08-26,제품 판매,D006,C003,대변,2180,부가세예수금,873000,전자세금계산서,TAX-202608-0223,자동차용 씰링부품 외상 판매,포트폴리오용 합성 거래
JV2026081224,1,2026-08-18,산업용 소모품 구매,D004,V003,차변,5130,소모품비,490000,법인카드,CARD-202608-0224,생산 작업용 장갑 구매,포트폴리오용 합성 거래
JV2026081224,2,2026-08-18,산업용 소모품 구매,D004,V003,차변,1180,부가세대급금,49000,법인카드,CARD-202608-0224,생산 작업용 장갑 구매,포트폴리오용 합성 거래
JV2026081224,3,2026-08-18,산업용 소모품 구매,D004,V003,대변,2140,카드미지급금,539000,법인카드,CARD-202608-0224,생산 작업용 장갑 구매,포트폴리오용 합성 거래
JV2026081225,1,2026-08-19,운송비,D007,V005,차변,5140,운반비,1440000,전자세금계산서,TAX-202608-0225,원재료 입고 운송비,포트폴리오용 합성 거래
JV2026081225,2,2026-08-19,운송비,D007,V005,차변,1180,부가세대급금,144000,전자세금계산서,TAX-202608-0225,원재료 입고 운송비,포트폴리오용 합성 거래
JV2026081225,3,2026-08-19,운송비,D007,V005,대변,2120,미지급금,1584000,전자세금계산서,TAX-202608-0225,원재료 입고 운송비,포트폴리오용 합성 거래
JV2026081226,1,2026-08-01,산업용 소모품 구매,D005,V003,차변,5130,소모품비,340000,법인카드,CARD-202608-0226,제품 포장재 구매,포트폴리오용 합성 거래
JV2026081226,2,2026-08-01,산업용 소모품 구매,D005,V003,차변,1180,부가세대급금,34000,법인카드,CARD-202608-0226,제품 포장재 구매,포트폴리오용 합성 거래
JV2026081226,3,2026-08-01,산업용 소모품 구매,D005,V003,대변,2140,카드미지급금,374000,법인카드,CARD-202608-0226,제품 포장재 구매,포트폴리오용 합성 거래
JV2026081227,1,2026-08-14,산업용 소모품 구매,D005,V003,차변,5130,소모품비,620000,법인카드,CARD-202608-0227,검사용 소모품 구매,포트폴리오용 합성 거래
JV2026081227,2,2026-08-14,산업용 소모품 구매,D005,V003,차변,1180,부가세대급금,62000,법인카드,CARD-202608-0227,검사용 소모품 구매,포트폴리오용 합성 거래
JV2026081227,3,2026-08-14,산업용 소모품 구매,D005,V003,대변,2140,카드미지급금,682000,법인카드,CARD-202608-0227,검사용 소모품 구매,포트폴리오용 합성 거래
JV2026081229,1,2026-08-08,제품 판매,D006,C003,차변,1130,외상매출금,9383000,전자세금계산서,TAX-202608-0229,방진부품 외상 판매,포트폴리오용 합성 거래
JV2026081229,2,2026-08-08,제품 판매,D006,C003,대변,4110,제품매출,8530000,전자세금계산서,TAX-202608-0229,방진부품 외상 판매,포트폴리오용 합성 거래
JV2026081229,3,2026-08-08,제품 판매,D006,C003,대변,2180,부가세예수금,853000,전자세금계산서,TAX-202608-0229,방진부품 외상 판매,포트폴리오용 합성 거래
JV2026081230,1,2026-08-29,원재료 매입,D002,V001,차변,1210,원재료,3880000,전자세금계산서,TAX-202608-0230,자동차부품용 소재 매입,포트폴리오용 합성 거래
JV2026081230,2,2026-08-29,원재료 매입,D002,V001,차변,1180,부가세대급금,388000,전자세금계산서,TAX-202608-0230,자동차부품용 소재 매입,포트폴리오용 합성 거래
JV2026081230,3,2026-08-29,원재료 매입,D002,V001,대변,2110,외상매입금,4268000,전자세금계산서,TAX-202608-0230,자동차부품용 소재 매입,포트폴리오용 합성 거래
JV2026081231,1,2026-08-27,운송비,D007,V005,차변,5140,운반비,570000,전자세금계산서,TAX-202608-0231,긴급 납품 운송비,포트폴리오용 합성 거래
JV2026081231,2,2026-08-27,운송비,D007,V005,차변,1180,부가세대급금,57000,전자세금계산서,TAX-202608-0231,긴급 납품 운송비,포트폴리오용 합성 거래
JV2026081231,3,2026-08-27,운송비,D007,V005,대변,2120,미지급금,627000,전자세금계산서,TAX-202608-0231,긴급 납품 운송비,포트폴리오용 합성 거래
JV2026081232,1,2026-08-27,제품 판매,D006,C001,차변,1130,외상매출금,13750000,전자세금계산서,TAX-202608-0232,자동차용 고무부품 외상 판매,포트폴리오용 합성 거래
JV2026081232,2,2026-08-27,제품 판매,D006,C001,대변,4110,제품매출,12500000,전자세금계산서,TAX-202608-0232,자동차용 고무부품 외상 판매,포트폴리오용 합성 거래
JV2026081232,3,2026-08-27,제품 판매,D006,C001,대변,2180,부가세예수금,1250000,전자세금계산서,TAX-202608-0232,자동차용 고무부품 외상 판매,포트폴리오용 합성 거래
JV2026081233,1,2026-08-02,원재료 매입,D002,V002,차변,1210,원재료,6210000,전자세금계산서,TAX-202608-0233,합성고무 원재료 구매,포트폴리오용 합성 거래
JV2026081233,2,2026-08-02,원재료 매입,D002,V002,차변,1180,부가세대급금,621000,전자세금계산서,TAX-202608-0233,합성고무 원재료 구매,포트폴리오용 합성 거래
JV2026081233,3,2026-08-02,원재료 매입,D002,V002,대변,2110,외상매입금,6831000,전자세금계산서,TAX-202608-0233,합성고무 원재료 구매,포트폴리오용 합성 거래
JV2026081234,1,2026-08-01,운송비,D007,V005,차변,5140,운반비,1370000,전자세금계산서,TAX-202608-0234,원재료 입고 운송비,포트폴리오용 합성 거래
JV2026081234,2,2026-08-01,운송비,D007,V005,차변,1180,부가세대급금,137000,전자세금계산서,TAX-202608-0234,원재료 입고 운송비,포트폴리오용 합성 거래
JV2026081234,3,2026-08-01,운송비,D007,V005,대변,2120,미지급금,1507000,전자세금계산서,TAX-202608-0234,원재료 입고 운송비,포트폴리오용 합성 거래
JV2026081235,1,2026-08-04,제품 판매,D006,C003,차변,1130,외상매출금,5665000,전자세금계산서,TAX-202608-0235,방진부품 외상 판매,포트폴리오용 합성 거래
JV2026081235,2,2026-08-04,제품 판매,D006,C003,대변,4110,제품매출,5150000,전자세금계산서,TAX-202608-0235,방진부품 외상 판매,포트폴리오용 합성 거래
JV2026081235,3,2026-08-04,제품 판매,D006,C003,대변,2180,부가세예수금,515000,전자세금계산서,TAX-202608-0235,방진부품 외상 판매,포트폴리오용 합성 거래
JV2026081236,1,2026-08-08,공장 전기요금,D003,V006,차변,5150,전력비,3600000,전자세금계산서,TAX-202608-0236,생산1공장 전기요금,포트폴리오용 합성 거래
JV2026081236,2,2026-08-08,공장 전기요금,D003,V006,차변,1180,부가세대급금,360000,전자세금계산서,TAX-202608-0236,생산1공장 전기요금,포트폴리오용 합성 거래
JV2026081236,3,2026-08-08,공장 전기요금,D003,V006,대변,2120,미지급금,3960000,전자세금계산서,TAX-202608-0236,생산1공장 전기요금,포트폴리오용 합성 거래
JV2026081237,1,2026-08-02,운송비,D007,V005,차변,5140,운반비,1140000,전자세금계산서,TAX-202608-0237,제품 납품 운송비,포트폴리오용 합성 거래
JV2026081237,2,2026-08-02,운송비,D007,V005,차변,1180,부가세대급금,114000,전자세금계산서,TAX-202608-0237,제품 납품 운송비,포트폴리오용 합성 거래
JV2026081237,3,2026-08-02,운송비,D007,V005,대변,2120,미지급금,1254000,전자세금계산서,TAX-202608-0237,제품 납품 운송비,포트폴리오용 합성 거래
JV2026081238,1,2026-08-11,공장 전기요금,D004,V006,차변,5150,전력비,3820000,전자세금계산서,TAX-202608-0238,생산2공장 전기요금,포트폴리오용 합성 거래
JV2026081238,2,2026-08-11,공장 전기요금,D004,V006,차변,1180,부가세대급금,382000,전자세금계산서,TAX-202608-0238,생산2공장 전기요금,포트폴리오용 합성 거래
JV2026081238,3,2026-08-11,공장 전기요금,D004,V006,대변,2120,미지급금,4202000,전자세금계산서,TAX-202608-0238,생산2공장 전기요금,포트폴리오용 합성 거래
JV2026081239,1,2026-08-08,산업용 소모품 구매,D004,V003,차변,5130,소모품비,470000,법인카드,CARD-202608-0239,검사용 소모품 구매,포트폴리오용 합성 거래
JV2026081239,2,2026-08-08,산업용 소모품 구매,D004,V003,차변,1180,부가세대급금,47000,법인카드,CARD-202608-0239,검사용 소모품 구매,포트폴리오용 합성 거래
JV2026081239,3,2026-08-08,산업용 소모품 구매,D004,V003,대변,2140,카드미지급금,517000,법인카드,CARD-202608-0239,검사용 소모품 구매,포트폴리오용 합성 거래
JV2026081240,1,2026-08-26,원재료 매입,D002,V001,차변,1210,원재료,4010000,전자세금계산서,TAX-202608-0240,자동차부품용 소재 매입,포트폴리오용 합성 거래
JV2026081240,2,2026-08-26,원재료 매입,D002,V001,차변,1180,부가세대급금,401000,전자세금계산서,TAX-202608-0240,자동차부품용 소재 매입,포트폴리오용 합성 거래
JV2026081240,3,2026-08-26,원재료 매입,D002,V001,대변,2110,외상매입금,4411000,전자세금계산서,TAX-202608-0240,자동차부품용 소재 매입,포트폴리오용 합성 거래
JV2026081241,1,2026-08-08,공장 전기요금,D004,V006,차변,5150,전력비,3090000,전자세금계산서,TAX-202608-0241,생산1공장 전기요금,포트폴리오용 합성 거래
JV2026081241,2,2026-08-08,공장 전기요금,D004,V006,차변,1180,부가세대급금,309000,전자세금계산서,TAX-202608-0241,생산1공장 전기요금,포트폴리오용 합성 거래
JV2026081241,3,2026-08-08,공장 전기요금,D004,V006,대변,2120,미지급금,3399000,전자세금계산서,TAX-202608-0241,생산1공장 전기요금,포트폴리오용 합성 거래
JV2026081242,1,2026-08-12,공장 전기요금,D003,V006,차변,5150,전력비,4550000,전자세금계산서,TAX-202608-0242,공장 설비 전력 사용료,포트폴리오용 합성 거래
JV2026081242,2,2026-08-12,공장 전기요금,D003,V006,차변,1180,부가세대급금,455000,전자세금계산서,TAX-202608-0242,공장 설비 전력 사용료,포트폴리오용 합성 거래
JV2026081242,3,2026-08-12,공장 전기요금,D003,V006,대변,2120,미지급금,5005000,전자세금계산서,TAX-202608-0242,공장 설비 전력 사용료,포트폴리오용 합성 거래
JV2026081243,1,2026-08-05,제품 판매,D006,C001,차변,1130,외상매출금,4686000,전자세금계산서,TAX-202608-0243,고무호스 제품 외상 판매,포트폴리오용 합성 거래
JV2026081243,2,2026-08-05,제품 판매,D006,C001,대변,4110,제품매출,4260000,전자세금계산서,TAX-202608-0243,고무호스 제품 외상 판매,포트폴리오용 합성 거래
JV2026081243,3,2026-08-05,제품 판매,D006,C001,대변,2180,부가세예수금,426000,전자세금계산서,TAX-202608-0243,고무호스 제품 외상 판매,포트폴리오용 합성 거래
JV2026081244,1,2026-08-26,원재료 매입,D002,V002,차변,1210,원재료,1500000,전자세금계산서,TAX-202608-0244,자동차부품용 소재 매입,포트폴리오용 합성 거래
JV2026081244,2,2026-08-26,원재료 매입,D002,V002,차변,1180,부가세대급금,150000,전자세금계산서,TAX-202608-0244,자동차부품용 소재 매입,포트폴리오용 합성 거래
JV2026081244,3,2026-08-26,원재료 매입,D002,V002,대변,2110,외상매입금,1650000,전자세금계산서,TAX-202608-0244,자동차부품용 소재 매입,포트폴리오용 합성 거래
JV2026081245,1,2026-08-22,경영서비스 수수료,D001,V008,차변,5160,지급수수료,600000,전자세금계산서,TAX-202608-0245,회계 자문 수수료,포트폴리오용 합성 거래
JV2026081245,2,2026-08-22,경영서비스 수수료,D001,V008,차변,1180,부가세대급금,60000,전자세금계산서,TAX-202608-0245,회계 자문 수수료,포트폴리오용 합성 거래
JV2026081245,3,2026-08-22,경영서비스 수수료,D001,V008,대변,2120,미지급금,660000,전자세금계산서,TAX-202608-0245,회계 자문 수수료,포트폴리오용 합성 거래
JV2026081246,1,2026-08-05,운송비,D007,V005,차변,5140,운반비,1090000,전자세금계산서,TAX-202608-0246,원재료 입고 운송비,포트폴리오용 합성 거래
JV2026081246,2,2026-08-05,운송비,D007,V005,차변,1180,부가세대급금,109000,전자세금계산서,TAX-202608-0246,원재료 입고 운송비,포트폴리오용 합성 거래
JV2026081246,3,2026-08-05,운송비,D007,V005,대변,2120,미지급금,1199000,전자세금계산서,TAX-202608-0246,원재료 입고 운송비,포트폴리오용 합성 거래
JV2026081248,1,2026-08-08,제품 판매,D006,C003,차변,1130,외상매출금,10560000,전자세금계산서,TAX-202608-0248,방진부품 외상 판매,포트폴리오용 합성 거래
JV2026081248,2,2026-08-08,제품 판매,D006,C003,대변,4110,제품매출,9600000,전자세금계산서,TAX-202608-0248,방진부품 외상 판매,포트폴리오용 합성 거래
JV2026081248,3,2026-08-08,제품 판매,D006,C003,대변,2180,부가세예수금,960000,전자세금계산서,TAX-202608-0248,방진부품 외상 판매,포트폴리오용 합성 거래
JV2026081249,1,2026-08-20,산업용 소모품 구매,D003,V003,차변,5130,소모품비,660000,법인카드,CARD-202608-0249,검사용 소모품 구매,포트폴리오용 합성 거래
JV2026081249,2,2026-08-20,산업용 소모품 구매,D003,V003,차변,1180,부가세대급금,66000,법인카드,CARD-202608-0249,검사용 소모품 구매,포트폴리오용 합성 거래
JV2026081249,3,2026-08-20,산업용 소모품 구매,D003,V003,대변,2140,카드미지급금,726000,법인카드,CARD-202608-0249,검사용 소모품 구매,포트폴리오용 합성 거래
JV2026081250,1,2026-08-31,원재료 매입,D002,V001,차변,1210,원재료,3430000,전자세금계산서,TAX-202608-0250,자동차부품용 소재 매입,포트폴리오용 합성 거래
JV2026081250,2,2026-08-31,원재료 매입,D002,V001,차변,1180,부가세대급금,343000,전자세금계산서,TAX-202608-0250,자동차부품용 소재 매입,포트폴리오용 합성 거래
JV2026081250,3,2026-08-31,원재료 매입,D002,V001,대변,2110,외상매입금,3773000,전자세금계산서,TAX-202608-0250,자동차부품용 소재 매입,포트폴리오용 합성 거래
JV2026081252,1,2026-08-02,운송비,D007,V005,차변,5140,운반비,1100000,전자세금계산서,TAX-202608-0252,긴급 납품 운송비,포트폴리오용 합성 거래
JV2026081252,2,2026-08-02,운송비,D007,V005,차변,1180,부가세대급금,110000,전자세금계산서,TAX-202608-0252,긴급 납품 운송비,포트폴리오용 합성 거래
JV2026081252,3,2026-08-02,운송비,D007,V005,대변,2120,미지급금,1210000,전자세금계산서,TAX-202608-0252,긴급 납품 운송비,포트폴리오용 합성 거래
JV2026081254,1,2026-08-25,제품 판매,D006,C002,차변,1130,외상매출금,16533000,전자세금계산서,TAX-202608-0254,고무호스 제품 외상 판매,포트폴리오용 합성 거래
JV2026081254,2,2026-08-25,제품 판매,D006,C002,대변,4110,제품매출,15030000,전자세금계산서,TAX-202608-0254,고무호스 제품 외상 판매,포트폴리오용 합성 거래
JV2026081254,3,2026-08-25,제품 판매,D006,C002,대변,2180,부가세예수금,1503000,전자세금계산서,TAX-202608-0254,고무호스 제품 외상 판매,포트폴리오용 합성 거래
JV2026081255,1,2026-08-29,산업용 소모품 구매,D003,V004,차변,5130,소모품비,720000,법인카드,TAX-202608-0255,생산 작업용 장갑 구매,포트폴리오용 합성 거래
JV2026081255,2,2026-08-29,산업용 소모품 구매,D003,V004,차변,1180,부가세대급금,72000,법인카드,TAX-202608-0255,생산 작업용 장갑 구매,포트폴리오용 합성 거래
JV2026081255,3,2026-08-29,산업용 소모품 구매,D003,V004,대변,2110,외상매입금,792000,법인카드,TAX-202608-0255,생산 작업용 장갑 구매,포트폴리오용 합성 거래
JV2026081256,1,2026-08-21,원재료 매입,D002,V002,차변,1210,원재료,1480000,전자세금계산서,TAX-202608-0256,합성고무 원재료 구매,포트폴리오용 합성 거래
JV2026081256,2,2026-08-21,원재료 매입,D002,V002,차변,1180,부가세대급금,148000,전자세금계산서,TAX-202608-0256,합성고무 원재료 구매,포트폴리오용 합성 거래
JV2026081256,3,2026-08-21,원재료 매입,D002,V002,대변,2110,외상매입금,1628000,전자세금계산서,TAX-202608-0256,합성고무 원재료 구매,포트폴리오용 합성 거래
JV2026081257,1,2026-08-17,원재료 매입,D002,V002,차변,1210,원재료,2470000,전자세금계산서,TAX-202608-0257,고무 원재료 외상 매입,포트폴리오용 합성 거래
JV2026081257,2,2026-08-17,원재료 매입,D002,V002,차변,1180,부가세대급금,247000,전자세금계산서,TAX-202608-0257,고무 원재료 외상 매입,포트폴리오용 합성 거래
JV2026081257,3,2026-08-17,원재료 매입,D002,V002,대변,2110,외상매입금,2717000,전자세금계산서,TAX-202608-0257,고무 원재료 외상 매입,포트폴리오용 합성 거래
JV2026081258,1,2026-08-08,산업용 소모품 구매,D005,V004,차변,5130,소모품비,580000,법인카드,TAX-202608-0258,생산 작업용 장갑 구매,포트폴리오용 합성 거래
JV2026081258,2,2026-08-08,산업용 소모품 구매,D005,V004,차변,1180,부가세대급금,58000,법인카드,TAX-202608-0258,생산 작업용 장갑 구매,포트폴리오용 합성 거래
JV2026081258,3,2026-08-08,산업용 소모품 구매,D005,V004,대변,2110,외상매입금,638000,법인카드,TAX-202608-0258,생산 작업용 장갑 구매,포트폴리오용 합성 거래
JV2026081259,1,2026-08-30,원재료 매입,D002,V002,차변,1210,원재료,3140000,전자세금계산서,TAX-202608-0259,고무 원재료 외상 매입,포트폴리오용 합성 거래
JV2026081259,2,2026-08-30,원재료 매입,D002,V002,차변,1180,부가세대급금,314000,전자세금계산서,TAX-202608-0259,고무 원재료 외상 매입,포트폴리오용 합성 거래
JV2026081259,3,2026-08-30,원재료 매입,D002,V002,대변,2110,외상매입금,3454000,전자세금계산서,TAX-202608-0259,고무 원재료 외상 매입,포트폴리오용 합성 거래
JV2026081260,1,2026-08-30,산업용 소모품 구매,D005,V004,차변,5130,소모품비,380000,법인카드,TAX-202608-0260,검사용 소모품 구매,포트폴리오용 합성 거래
JV2026081260,2,2026-08-30,산업용 소모품 구매,D005,V004,차변,1180,부가세대급금,38000,법인카드,TAX-202608-0260,검사용 소모품 구매,포트폴리오용 합성 거래
JV2026081260,3,2026-08-30,산업용 소모품 구매,D005,V004,대변,2110,외상매입금,418000,법인카드,TAX-202608-0260,검사용 소모품 구매,포트폴리오용 합성 거래
JV2026081261,1,2026-08-16,공장 전기요금,D003,V006,차변,5150,전력비,1180000,전자세금계산서,TAX-202608-0261,생산2공장 전기요금,포트폴리오용 합성 거래
JV2026081261,2,2026-08-16,공장 전기요금,D003,V006,차변,1180,부가세대급금,118000,전자세금계산서,TAX-202608-0261,생산2공장 전기요금,포트폴리오용 합성 거래
JV2026081261,3,2026-08-16,공장 전기요금,D003,V006,대변,2120,미지급금,1298000,전자세금계산서,TAX-202608-0261,생산2공장 전기요금,포트폴리오용 합성 거래
JV2026081262,1,2026-08-15,원재료 매입,D002,V002,차변,1210,원재료,2930000,전자세금계산서,TAX-202608-0262,자동차부품용 소재 매입,포트폴리오용 합성 거래
JV2026081262,2,2026-08-15,원재료 매입,D002,V002,차변,1180,부가세대급금,293000,전자세금계산서,TAX-202608-0262,자동차부품용 소재 매입,포트폴리오용 합성 거래
JV2026081262,3,2026-08-15,원재료 매입,D002,V002,대변,2110,외상매입금,3223000,전자세금계산서,TAX-202608-0262,자동차부품용 소재 매입,포트폴리오용 합성 거래
JV2026081263,1,2026-08-18,운송비,D007,V005,차변,5140,운반비,820000,전자세금계산서,TAX-202608-0263,제품 납품 운송비,포트폴리오용 합성 거래
JV2026081263,2,2026-08-18,운송비,D007,V005,차변,1180,부가세대급금,82000,전자세금계산서,TAX-202608-0263,제품 납품 운송비,포트폴리오용 합성 거래
JV2026081263,3,2026-08-18,운송비,D007,V005,대변,2120,미지급금,902000,전자세금계산서,TAX-202608-0263,제품 납품 운송비,포트폴리오용 합성 거래
JV2026081264,1,2026-08-23,원재료 매입,D002,V002,차변,1210,원재료,7420000,전자세금계산서,TAX-202608-0264,고무 원재료 외상 매입,포트폴리오용 합성 거래
JV2026081264,2,2026-08-23,원재료 매입,D002,V002,차변,1180,부가세대급금,742000,전자세금계산서,TAX-202608-0264,고무 원재료 외상 매입,포트폴리오용 합성 거래
JV2026081264,3,2026-08-23,원재료 매입,D002,V002,대변,2110,외상매입금,8162000,전자세금계산서,TAX-202608-0264,고무 원재료 외상 매입,포트폴리오용 합성 거래
JV2026081265,1,2026-08-02,산업용 소모품 구매,D005,V004,차변,5130,소모품비,960000,법인카드,TAX-202608-0265,검사용 소모품 구매,포트폴리오용 합성 거래
JV2026081265,2,2026-08-02,산업용 소모품 구매,D005,V004,차변,1180,부가세대급금,96000,법인카드,TAX-202608-0265,검사용 소모품 구매,포트폴리오용 합성 거래
JV2026081265,3,2026-08-02,산업용 소모품 구매,D005,V004,대변,2110,외상매입금,1056000,법인카드,TAX-202608-0265,검사용 소모품 구매,포트폴리오용 합성 거래
JV2026081266,1,2026-08-07,제품 판매,D006,C004,차변,1130,외상매출금,18392000,전자세금계산서,TAX-202608-0266,자동차용 씰링부품 외상 판매,포트폴리오용 합성 거래
JV2026081266,2,2026-08-07,제품 판매,D006,C004,대변,4110,제품매출,16720000,전자세금계산서,TAX-202608-0266,자동차용 씰링부품 외상 판매,포트폴리오용 합성 거래
JV2026081266,3,2026-08-07,제품 판매,D006,C004,대변,2180,부가세예수금,1672000,전자세금계산서,TAX-202608-0266,자동차용 씰링부품 외상 판매,포트폴리오용 합성 거래
JV2026081268,1,2026-08-08,생산설비 구매,D002,V007,차변,1510,기계장치,41250000,전자세금계산서,TAX-202608-0268,생산설비 구매,포트폴리오용 합성 거래
JV2026081268,2,2026-08-08,생산설비 구매,D002,V007,차변,1180,부가세대급금,4125000,전자세금계산서,TAX-202608-0268,생산설비 구매,포트폴리오용 합성 거래
JV2026081268,3,2026-08-08,생산설비 구매,D002,V007,대변,2120,미지급금,45375000,전자세금계산서,TAX-202608-0268,생산설비 구매,포트폴리오용 합성 거래
JV2026081269,1,2026-08-01,산업용 소모품 구매,D005,V003,차변,5130,소모품비,170000,법인카드,CARD-202608-0269,제품 포장재 구매,포트폴리오용 합성 거래
JV2026081269,2,2026-08-01,산업용 소모품 구매,D005,V003,차변,1180,부가세대급금,17000,법인카드,CARD-202608-0269,제품 포장재 구매,포트폴리오용 합성 거래
JV2026081269,3,2026-08-01,산업용 소모품 구매,D005,V003,대변,2140,카드미지급금,187000,법인카드,CARD-202608-0269,제품 포장재 구매,포트폴리오용 합성 거래
JV2026081270,1,2026-08-24,원재료 매입,D002,V002,차변,1210,원재료,5900000,전자세금계산서,TAX-202608-0270,합성고무 원재료 구매,포트폴리오용 합성 거래
JV2026081270,2,2026-08-24,원재료 매입,D002,V002,차변,1180,부가세대급금,590000,전자세금계산서,TAX-202608-0270,합성고무 원재료 구매,포트폴리오용 합성 거래
JV2026081270,3,2026-08-24,원재료 매입,D002,V002,대변,2110,외상매입금,6490000,전자세금계산서,TAX-202608-0270,합성고무 원재료 구매,포트폴리오용 합성 거래
JV2026081271,1,2026-08-22,제품 판매,D006,C004,차변,1130,외상매출금,8448000,전자세금계산서,TAX-202608-0271,자동차용 고무부품 외상 판매,포트폴리오용 합성 거래
JV2026081271,2,2026-08-22,제품 판매,D006,C004,대변,4110,제품매출,7680000,전자세금계산서,TAX-202608-0271,자동차용 고무부품 외상 판매,포트폴리오용 합성 거래
JV2026081271,3,2026-08-22,제품 판매,D006,C004,대변,2180,부가세예수금,768000,전자세금계산서,TAX-202608-0271,자동차용 고무부품 외상 판매,포트폴리오용 합성 거래
JV2026081272,1,2026-08-07,산업용 소모품 구매,D007,V003,차변,5130,소모품비,830000,법인카드,CARD-202608-0272,검사용 소모품 구매,포트폴리오용 합성 거래
JV2026081272,2,2026-08-07,산업용 소모품 구매,D007,V003,차변,1180,부가세대급금,83000,법인카드,CARD-202608-0272,검사용 소모품 구매,포트폴리오용 합성 거래
JV2026081272,3,2026-08-07,산업용 소모품 구매,D007,V003,대변,2140,카드미지급금,913000,법인카드,CARD-202608-0272,검사용 소모품 구매,포트폴리오용 합성 거래
JV2026081273,1,2026-08-19,원재료 매입,D002,V001,차변,1210,원재료,7230000,전자세금계산서,TAX-202608-0273,고무 원재료 외상 매입,포트폴리오용 합성 거래
JV2026081273,2,2026-08-19,원재료 매입,D002,V001,차변,1180,부가세대급금,723000,전자세금계산서,TAX-202608-0273,고무 원재료 외상 매입,포트폴리오용 합성 거래
JV2026081273,3,2026-08-19,원재료 매입,D002,V001,대변,2110,외상매입금,7953000,전자세금계산서,TAX-202608-0273,고무 원재료 외상 매입,포트폴리오용 합성 거래
JV2026081274,1,2026-08-28,원재료 매입,D002,V002,차변,1210,원재료,1810000,전자세금계산서,TAX-202608-0274,고무 원재료 외상 매입,포트폴리오용 합성 거래
JV2026081274,2,2026-08-28,원재료 매입,D002,V002,차변,1180,부가세대급금,181000,전자세금계산서,TAX-202608-0274,고무 원재료 외상 매입,포트폴리오용 합성 거래
JV2026081274,3,2026-08-28,원재료 매입,D002,V002,대변,2110,외상매입금,1991000,전자세금계산서,TAX-202608-0274,고무 원재료 외상 매입,포트폴리오용 합성 거래
JV2026081275,1,2026-08-20,제품 판매,D006,C003,차변,1130,외상매출금,20306000,전자세금계산서,TAX-202608-0275,자동차용 고무부품 외상 판매,포트폴리오용 합성 거래
JV2026081275,2,2026-08-20,제품 판매,D006,C003,대변,4110,제품매출,18460000,전자세금계산서,TAX-202608-0275,자동차용 고무부품 외상 판매,포트폴리오용 합성 거래
JV2026081275,3,2026-08-20,제품 판매,D006,C003,대변,2180,부가세예수금,1846000,전자세금계산서,TAX-202608-0275,자동차용 고무부품 외상 판매,포트폴리오용 합성 거래
JV2026081276,1,2026-08-23,원재료 매입,D002,V002,차변,1210,원재료,2180000,전자세금계산서,TAX-202608-0276,자동차부품용 소재 매입,포트폴리오용 합성 거래
JV2026081276,2,2026-08-23,원재료 매입,D002,V002,차변,1180,부가세대급금,218000,전자세금계산서,TAX-202608-0276,자동차부품용 소재 매입,포트폴리오용 합성 거래
JV2026081276,3,2026-08-23,원재료 매입,D002,V002,대변,2110,외상매입금,2398000,전자세금계산서,TAX-202608-0276,자동차부품용 소재 매입,포트폴리오용 합성 거래
JV2026081277,1,2026-08-06,원재료 매입,D002,V001,차변,1210,원재료,3550000,전자세금계산서,TAX-202608-0277,고무 원재료 외상 매입,포트폴리오용 합성 거래
JV2026081277,2,2026-08-06,원재료 매입,D002,V001,차변,1180,부가세대급금,355000,전자세금계산서,TAX-202608-0277,고무 원재료 외상 매입,포트폴리오용 합성 거래
JV2026081277,3,2026-08-06,원재료 매입,D002,V001,대변,2110,외상매입금,3905000,전자세금계산서,TAX-202608-0277,고무 원재료 외상 매입,포트폴리오용 합성 거래
JV2026081278,1,2026-08-12,공장 전기요금,D004,V006,차변,5150,전력비,4540000,전자세금계산서,TAX-202608-0278,생산1공장 전기요금,포트폴리오용 합성 거래
JV2026081278,2,2026-08-12,공장 전기요금,D004,V006,차변,1180,부가세대급금,454000,전자세금계산서,TAX-202608-0278,생산1공장 전기요금,포트폴리오용 합성 거래
JV2026081278,3,2026-08-12,공장 전기요금,D004,V006,대변,2120,미지급금,4994000,전자세금계산서,TAX-202608-0278,생산1공장 전기요금,포트폴리오용 합성 거래
JV2026081279,1,2026-08-24,제품 판매,D006,C002,차변,1130,외상매출금,9812000,전자세금계산서,TAX-202608-0279,고무호스 제품 외상 판매,포트폴리오용 합성 거래
JV2026081279,2,2026-08-24,제품 판매,D006,C002,대변,4110,제품매출,8920000,전자세금계산서,TAX-202608-0279,고무호스 제품 외상 판매,포트폴리오용 합성 거래
JV2026081279,3,2026-08-24,제품 판매,D006,C002,대변,2180,부가세예수금,892000,전자세금계산서,TAX-202608-0279,고무호스 제품 외상 판매,포트폴리오용 합성 거래
JV2026081280,1,2026-08-14,제품 판매,D006,C004,차변,1130,외상매출금,4697000,전자세금계산서,TAX-202608-0280,방진부품 외상 판매,포트폴리오용 합성 거래
JV2026081280,2,2026-08-14,제품 판매,D006,C004,대변,4110,제품매출,4270000,전자세금계산서,TAX-202608-0280,방진부품 외상 판매,포트폴리오용 합성 거래
JV2026081280,3,2026-08-14,제품 판매,D006,C004,대변,2180,부가세예수금,427000,전자세금계산서,TAX-202608-0280,방진부품 외상 판매,포트폴리오용 합성 거래
JV2026081281,1,2026-08-17,원재료 매입,D002,V002,차변,1210,원재료,6250000,전자세금계산서,TAX-202608-0281,자동차부품용 소재 매입,포트폴리오용 합성 거래
JV2026081281,2,2026-08-17,원재료 매입,D002,V002,차변,1180,부가세대급금,625000,전자세금계산서,TAX-202608-0281,자동차부품용 소재 매입,포트폴리오용 합성 거래
JV2026081281,3,2026-08-17,원재료 매입,D002,V002,대변,2110,외상매입금,6875000,전자세금계산서,TAX-202608-0281,자동차부품용 소재 매입,포트폴리오용 합성 거래
JV2026081282,1,2026-08-13,경영서비스 수수료,D001,V008,차변,5160,지급수수료,740000,전자세금계산서,TAX-202608-0282,경영관리 서비스 비용,포트폴리오용 합성 거래
JV2026081282,2,2026-08-13,경영서비스 수수료,D001,V008,차변,1180,부가세대급금,74000,전자세금계산서,TAX-202608-0282,경영관리 서비스 비용,포트폴리오용 합성 거래
JV2026081282,3,2026-08-13,경영서비스 수수료,D001,V008,대변,2120,미지급금,814000,전자세금계산서,TAX-202608-0282,경영관리 서비스 비용,포트폴리오용 합성 거래
JV2026081283,1,2026-08-11,원재료 매입,D002,V002,차변,1210,원재료,5930000,전자세금계산서,TAX-202608-0283,합성고무 원재료 구매,포트폴리오용 합성 거래
JV2026081283,2,2026-08-11,원재료 매입,D002,V002,차변,1180,부가세대급금,593000,전자세금계산서,TAX-202608-0283,합성고무 원재료 구매,포트폴리오용 합성 거래
JV2026081283,3,2026-08-11,원재료 매입,D002,V002,대변,2110,외상매입금,6523000,전자세금계산서,TAX-202608-0283,합성고무 원재료 구매,포트폴리오용 합성 거래
JV2026081284,1,2026-08-13,제품 판매,D006,C002,차변,1130,외상매출금,9999000,전자세금계산서,TAX-202608-0284,자동차용 고무부품 외상 판매,포트폴리오용 합성 거래
JV2026081284,2,2026-08-13,제품 판매,D006,C002,대변,4110,제품매출,9090000,전자세금계산서,TAX-202608-0284,자동차용 고무부품 외상 판매,포트폴리오용 합성 거래
JV2026081284,3,2026-08-13,제품 판매,D006,C002,대변,2180,부가세예수금,909000,전자세금계산서,TAX-202608-0284,자동차용 고무부품 외상 판매,포트폴리오용 합성 거래
JV2026081285,1,2026-08-18,원재료 매입,D002,V001,차변,1210,원재료,2270000,전자세금계산서,TAX-202608-0285,합성고무 원재료 구매,포트폴리오용 합성 거래
JV2026081285,2,2026-08-18,원재료 매입,D002,V001,차변,1180,부가세대급금,227000,전자세금계산서,TAX-202608-0285,합성고무 원재료 구매,포트폴리오용 합성 거래
JV2026081285,3,2026-08-18,원재료 매입,D002,V001,대변,2110,외상매입금,2497000,전자세금계산서,TAX-202608-0285,합성고무 원재료 구매,포트폴리오용 합성 거래
JV2026081287,1,2026-08-26,공장 전기요금,D003,V006,차변,5150,전력비,1750000,전자세금계산서,TAX-202608-0287,생산2공장 전기요금,포트폴리오용 합성 거래
JV2026081287,2,2026-08-26,공장 전기요금,D003,V006,차변,1180,부가세대급금,175000,전자세금계산서,TAX-202608-0287,생산2공장 전기요금,포트폴리오용 합성 거래
JV2026081287,3,2026-08-26,공장 전기요금,D003,V006,대변,2120,미지급금,1925000,전자세금계산서,TAX-202608-0287,생산2공장 전기요금,포트폴리오용 합성 거래
JV2026081288,1,2026-08-21,원재료 매입,D002,V002,차변,1210,원재료,1260000,전자세금계산서,TAX-202608-0288,합성고무 원재료 구매,포트폴리오용 합성 거래
JV2026081288,2,2026-08-21,원재료 매입,D002,V002,차변,1180,부가세대급금,126000,전자세금계산서,TAX-202608-0288,합성고무 원재료 구매,포트폴리오용 합성 거래
JV2026081288,3,2026-08-21,원재료 매입,D002,V002,대변,2110,외상매입금,1386000,전자세금계산서,TAX-202608-0288,합성고무 원재료 구매,포트폴리오용 합성 거래
JV2026081290,1,2026-08-07,공장 전기요금,D003,V006,차변,5150,전력비,4930000,전자세금계산서,TAX-202608-0290,생산1공장 전기요금,포트폴리오용 합성 거래
JV2026081290,2,2026-08-07,공장 전기요금,D003,V006,차변,1180,부가세대급금,493000,전자세금계산서,TAX-202608-0290,생산1공장 전기요금,포트폴리오용 합성 거래
JV2026081290,3,2026-08-07,공장 전기요금,D003,V006,대변,2120,미지급금,5423000,전자세금계산서,TAX-202608-0290,생산1공장 전기요금,포트폴리오용 합성 거래
JV2026081291,1,2026-08-28,제품 판매,D006,C002,차변,1130,외상매출금,11011000,전자세금계산서,TAX-202608-0291,자동차용 고무부품 외상 판매,포트폴리오용 합성 거래
JV2026081291,2,2026-08-28,제품 판매,D006,C002,대변,4110,제품매출,10010000,전자세금계산서,TAX-202608-0291,자동차용 고무부품 외상 판매,포트폴리오용 합성 거래
JV2026081291,3,2026-08-28,제품 판매,D006,C002,대변,2180,부가세예수금,1001000,전자세금계산서,TAX-202608-0291,자동차용 고무부품 외상 판매,포트폴리오용 합성 거래
JV2026081292,1,2026-08-28,운송비,D007,V005,차변,5140,운반비,730000,전자세금계산서,TAX-202608-0292,원재료 입고 운송비,포트폴리오용 합성 거래
JV2026081292,2,2026-08-28,운송비,D007,V005,차변,1180,부가세대급금,73000,전자세금계산서,TAX-202608-0292,원재료 입고 운송비,포트폴리오용 합성 거래
JV2026081292,3,2026-08-28,운송비,D007,V005,대변,2120,미지급금,803000,전자세금계산서,TAX-202608-0292,원재료 입고 운송비,포트폴리오용 합성 거래
JV2026081293,1,2026-08-21,경영서비스 수수료,D001,V008,차변,5160,지급수수료,850000,전자세금계산서,TAX-202608-0293,업무 시스템 자문료,포트폴리오용 합성 거래
JV2026081293,2,2026-08-21,경영서비스 수수료,D001,V008,차변,1180,부가세대급금,85000,전자세금계산서,TAX-202608-0293,업무 시스템 자문료,포트폴리오용 합성 거래
JV2026081293,3,2026-08-21,경영서비스 수수료,D001,V008,대변,2120,미지급금,935000,전자세금계산서,TAX-202608-0293,업무 시스템 자문료,포트폴리오용 합성 거래
JV2026081294,1,2026-08-11,제품 판매,D006,C001,차변,1130,외상매출금,17809000,전자세금계산서,TAX-202608-0294,자동차용 고무부품 외상 판매,포트폴리오용 합성 거래
JV2026081294,2,2026-08-11,제품 판매,D006,C001,대변,4110,제품매출,16190000,전자세금계산서,TAX-202608-0294,자동차용 고무부품 외상 판매,포트폴리오용 합성 거래
JV2026081294,3,2026-08-11,제품 판매,D006,C001,대변,2180,부가세예수금,1619000,전자세금계산서,TAX-202608-0294,자동차용 고무부품 외상 판매,포트폴리오용 합성 거래
JV2026081295,1,2026-08-07,산업용 소모품 구매,D003,V004,차변,5130,소모품비,630000,법인카드,TAX-202608-0295,제품 포장재 구매,포트폴리오용 합성 거래
JV2026081295,2,2026-08-07,산업용 소모품 구매,D003,V004,차변,1180,부가세대급금,63000,법인카드,TAX-202608-0295,제품 포장재 구매,포트폴리오용 합성 거래
JV2026081295,3,2026-08-07,산업용 소모품 구매,D003,V004,대변,2110,외상매입금,693000,법인카드,TAX-202608-0295,제품 포장재 구매,포트폴리오용 합성 거래
JV2026081296,1,2026-08-24,운송비,D007,V005,차변,5140,운반비,880000,전자세금계산서,TAX-202608-0296,긴급 납품 운송비,포트폴리오용 합성 거래
JV2026081296,2,2026-08-24,운송비,D007,V005,차변,1180,부가세대급금,88000,전자세금계산서,TAX-202608-0296,긴급 납품 운송비,포트폴리오용 합성 거래
JV2026081296,3,2026-08-24,운송비,D007,V005,대변,2120,미지급금,968000,전자세금계산서,TAX-202608-0296,긴급 납품 운송비,포트폴리오용 합성 거래
JV2026081297,1,2026-08-04,운송비,D007,V005,차변,5140,운반비,1000000,전자세금계산서,TAX-202608-0297,원재료 입고 운송비,포트폴리오용 합성 거래
JV2026081297,2,2026-08-04,운송비,D007,V005,차변,1180,부가세대급금,100000,전자세금계산서,TAX-202608-0297,원재료 입고 운송비,포트폴리오용 합성 거래
JV2026081297,3,2026-08-04,운송비,D007,V005,대변,2120,미지급금,1100000,전자세금계산서,TAX-202608-0297,원재료 입고 운송비,포트폴리오용 합성 거래
JV2026081298,1,2026-08-11,운송비,D007,V005,차변,5140,운반비,920000,전자세금계산서,TAX-202608-0298,제품 납품 운송비,포트폴리오용 합성 거래
JV2026081298,2,2026-08-11,운송비,D007,V005,차변,1180,부가세대급금,92000,전자세금계산서,TAX-202608-0298,제품 납품 운송비,포트폴리오용 합성 거래
JV2026081298,3,2026-08-11,운송비,D007,V005,대변,2120,미지급금,1012000,전자세금계산서,TAX-202608-0298,제품 납품 운송비,포트폴리오용 합성 거래
JV2026081299,1,2026-08-25,원재료 매입,D002,V001,차변,1210,원재료,1600000,전자세금계산서,TAX-202608-0299,고무 원재료 외상 매입,포트폴리오용 합성 거래
JV2026081299,2,2026-08-25,원재료 매입,D002,V001,차변,1180,부가세대급금,160000,전자세금계산서,TAX-202608-0299,고무 원재료 외상 매입,포트폴리오용 합성 거래
JV2026081299,3,2026-08-25,원재료 매입,D002,V001,대변,2110,외상매입금,1760000,전자세금계산서,TAX-202608-0299,고무 원재료 외상 매입,포트폴리오용 합성 거래
JV2026081300,1,2026-08-25,생산설비 구매,D002,V007,차변,1510,기계장치,20620000,전자세금계산서,TAX-202608-0300,품질검사 설비 구매,포트폴리오용 합성 거래
JV2026081300,2,2026-08-25,생산설비 구매,D002,V007,차변,1180,부가세대급금,2062000,전자세금계산서,TAX-202608-0300,품질검사 설비 구매,포트폴리오용 합성 거래
JV2026081300,3,2026-08-25,생산설비 구매,D002,V007,대변,2120,미지급금,22682000,전자세금계산서,TAX-202608-0300,품질검사 설비 구매,포트폴리오용 합성 거래
JV2026081301,1,2026-08-12,원재료 매입,D002,V002,차변,1210,원재료,2710000,전자세금계산서,TAX-202608-0301,고무 원재료 외상 매입,포트폴리오용 합성 거래
JV2026081301,2,2026-08-12,원재료 매입,D002,V002,차변,1180,부가세대급금,271000,전자세금계산서,TAX-202608-0301,고무 원재료 외상 매입,포트폴리오용 합성 거래
JV2026081301,3,2026-08-12,원재료 매입,D002,V002,대변,2110,외상매입금,2981000,전자세금계산서,TAX-202608-0301,고무 원재료 외상 매입,포트폴리오용 합성 거래
JV2026081302,1,2026-08-12,제품 판매,D006,C002,차변,1130,외상매출금,6314000,전자세금계산서,TAX-202608-0302,자동차용 씰링부품 외상 판매,포트폴리오용 합성 거래
JV2026081302,2,2026-08-12,제품 판매,D006,C002,대변,4110,제품매출,5740000,전자세금계산서,TAX-202608-0302,자동차용 씰링부품 외상 판매,포트폴리오용 합성 거래
JV2026081302,3,2026-08-12,제품 판매,D006,C002,대변,2180,부가세예수금,574000,전자세금계산서,TAX-202608-0302,자동차용 씰링부품 외상 판매,포트폴리오용 합성 거래
JV2026081303,1,2026-08-29,산업용 소모품 구매,D005,V003,차변,5130,소모품비,260000,법인카드,CARD-202608-0303,생산 작업용 장갑 구매,포트폴리오용 합성 거래
JV2026081303,2,2026-08-29,산업용 소모품 구매,D005,V003,차변,1180,부가세대급금,26000,법인카드,CARD-202608-0303,생산 작업용 장갑 구매,포트폴리오용 합성 거래
JV2026081303,3,2026-08-29,산업용 소모품 구매,D005,V003,대변,2140,카드미지급금,286000,법인카드,CARD-202608-0303,생산 작업용 장갑 구매,포트폴리오용 합성 거래
JV2026081305,1,2026-08-08,운송비,D007,V005,차변,5140,운반비,1000000,전자세금계산서,TAX-202608-0305,긴급 납품 운송비,포트폴리오용 합성 거래
JV2026081305,2,2026-08-08,운송비,D007,V005,차변,1180,부가세대급금,100000,전자세금계산서,TAX-202608-0305,긴급 납품 운송비,포트폴리오용 합성 거래
JV2026081305,3,2026-08-08,운송비,D007,V005,대변,2120,미지급금,1100000,전자세금계산서,TAX-202608-0305,긴급 납품 운송비,포트폴리오용 합성 거래
JV2026081306,1,2026-08-16,생산설비 구매,D002,V007,차변,1510,기계장치,17090000,전자세금계산서,TAX-202608-0306,품질검사 설비 구매,포트폴리오용 합성 거래
JV2026081306,2,2026-08-16,생산설비 구매,D002,V007,차변,1180,부가세대급금,1709000,전자세금계산서,TAX-202608-0306,품질검사 설비 구매,포트폴리오용 합성 거래
JV2026081306,3,2026-08-16,생산설비 구매,D002,V007,대변,2120,미지급금,18799000,전자세금계산서,TAX-202608-0306,품질검사 설비 구매,포트폴리오용 합성 거래
JV2026081307,1,2026-08-12,제품 판매,D006,C002,차변,1130,외상매출금,21758000,전자세금계산서,TAX-202608-0307,자동차용 고무부품 외상 판매,포트폴리오용 합성 거래
JV2026081307,2,2026-08-12,제품 판매,D006,C002,대변,4110,제품매출,19780000,전자세금계산서,TAX-202608-0307,자동차용 고무부품 외상 판매,포트폴리오용 합성 거래
JV2026081307,3,2026-08-12,제품 판매,D006,C002,대변,2180,부가세예수금,1978000,전자세금계산서,TAX-202608-0307,자동차용 고무부품 외상 판매,포트폴리오용 합성 거래
JV2026081308,1,2026-08-13,생산설비 구매,D002,V007,차변,1510,기계장치,25610000,전자세금계산서,TAX-202608-0308,생산설비 구매,포트폴리오용 합성 거래
JV2026081308,2,2026-08-13,생산설비 구매,D002,V007,차변,1180,부가세대급금,2561000,전자세금계산서,TAX-202608-0308,생산설비 구매,포트폴리오용 합성 거래
JV2026081308,3,2026-08-13,생산설비 구매,D002,V007,대변,2120,미지급금,28171000,전자세금계산서,TAX-202608-0308,생산설비 구매,포트폴리오용 합성 거래
JV2026081309,1,2026-08-17,원재료 매입,D002,V002,차변,1210,원재료,1850000,전자세금계산서,TAX-202608-0309,자동차부품용 소재 매입,포트폴리오용 합성 거래
JV2026081309,2,2026-08-17,원재료 매입,D002,V002,차변,1180,부가세대급금,185000,전자세금계산서,TAX-202608-0309,자동차부품용 소재 매입,포트폴리오용 합성 거래
JV2026081309,3,2026-08-17,원재료 매입,D002,V002,대변,2110,외상매입금,2035000,전자세금계산서,TAX-202608-0309,자동차부품용 소재 매입,포트폴리오용 합성 거래
JV2026081310,1,2026-08-21,제품 판매,D006,C002,차변,1130,외상매출금,20262000,전자세금계산서,TAX-202608-0310,방진부품 외상 판매,포트폴리오용 합성 거래
JV2026081310,2,2026-08-21,제품 판매,D006,C002,대변,4110,제품매출,18420000,전자세금계산서,TAX-202608-0310,방진부품 외상 판매,포트폴리오용 합성 거래
JV2026081310,3,2026-08-21,제품 판매,D006,C002,대변,2180,부가세예수금,1842000,전자세금계산서,TAX-202608-0310,방진부품 외상 판매,포트폴리오용 합성 거래
JV2026081311,1,2026-08-27,원재료 매입,D002,V002,차변,1210,원재료,5760000,전자세금계산서,TAX-202608-0311,합성고무 원재료 구매,포트폴리오용 합성 거래
JV2026081311,2,2026-08-27,원재료 매입,D002,V002,차변,1180,부가세대급금,576000,전자세금계산서,TAX-202608-0311,합성고무 원재료 구매,포트폴리오용 합성 거래
JV2026081311,3,2026-08-27,원재료 매입,D002,V002,대변,2110,외상매입금,6336000,전자세금계산서,TAX-202608-0311,합성고무 원재료 구매,포트폴리오용 합성 거래
JV2026081312,1,2026-08-20,운송비,D007,V005,차변,5140,운반비,1220000,전자세금계산서,TAX-202608-0312,원재료 입고 운송비,포트폴리오용 합성 거래
JV2026081312,2,2026-08-20,운송비,D007,V005,차변,1180,부가세대급금,122000,전자세금계산서,TAX-202608-0312,원재료 입고 운송비,포트폴리오용 합성 거래
JV2026081312,3,2026-08-20,운송비,D007,V005,대변,2120,미지급금,1342000,전자세금계산서,TAX-202608-0312,원재료 입고 운송비,포트폴리오용 합성 거래
JV2026081313,1,2026-08-12,원재료 매입,D002,V001,차변,1210,원재료,2870000,전자세금계산서,TAX-202608-0313,자동차부품용 소재 매입,포트폴리오용 합성 거래
JV2026081313,2,2026-08-12,원재료 매입,D002,V001,차변,1180,부가세대급금,287000,전자세금계산서,TAX-202608-0313,자동차부품용 소재 매입,포트폴리오용 합성 거래
JV2026081313,3,2026-08-12,원재료 매입,D002,V001,대변,2110,외상매입금,3157000,전자세금계산서,TAX-202608-0313,자동차부품용 소재 매입,포트폴리오용 합성 거래
JV2026081314,1,2026-08-05,운송비,D007,V005,차변,5140,운반비,1270000,전자세금계산서,TAX-202608-0314,긴급 납품 운송비,포트폴리오용 합성 거래
JV2026081314,2,2026-08-05,운송비,D007,V005,차변,1180,부가세대급금,127000,전자세금계산서,TAX-202608-0314,긴급 납품 운송비,포트폴리오용 합성 거래
JV2026081314,3,2026-08-05,운송비,D007,V005,대변,2120,미지급금,1397000,전자세금계산서,TAX-202608-0314,긴급 납품 운송비,포트폴리오용 합성 거래
JV2026081316,1,2026-08-18,생산설비 구매,D002,V007,차변,1510,기계장치,42320000,전자세금계산서,TAX-202608-0316,생산설비 구매,포트폴리오용 합성 거래
JV2026081316,2,2026-08-18,생산설비 구매,D002,V007,차변,1180,부가세대급금,4232000,전자세금계산서,TAX-202608-0316,생산설비 구매,포트폴리오용 합성 거래
JV2026081316,3,2026-08-18,생산설비 구매,D002,V007,대변,2120,미지급금,46552000,전자세금계산서,TAX-202608-0316,생산설비 구매,포트폴리오용 합성 거래
JV2026081317,1,2026-08-30,제품 판매,D006,C002,차변,1130,외상매출금,19503000,전자세금계산서,TAX-202608-0317,고무호스 제품 외상 판매,포트폴리오용 합성 거래
JV2026081317,2,2026-08-30,제품 판매,D006,C002,대변,4110,제품매출,17730000,전자세금계산서,TAX-202608-0317,고무호스 제품 외상 판매,포트폴리오용 합성 거래
JV2026081317,3,2026-08-30,제품 판매,D006,C002,대변,2180,부가세예수금,1773000,전자세금계산서,TAX-202608-0317,고무호스 제품 외상 판매,포트폴리오용 합성 거래
JV2026081318,1,2026-08-30,원재료 매입,D002,V002,차변,1210,원재료,3500000,전자세금계산서,TAX-202608-0318,합성고무 원재료 구매,포트폴리오용 합성 거래
JV2026081318,2,2026-08-30,원재료 매입,D002,V002,차변,1180,부가세대급금,350000,전자세금계산서,TAX-202608-0318,합성고무 원재료 구매,포트폴리오용 합성 거래
JV2026081318,3,2026-08-30,원재료 매입,D002,V002,대변,2110,외상매입금,3850000,전자세금계산서,TAX-202608-0318,합성고무 원재료 구매,포트폴리오용 합성 거래
JV2026081319,1,2026-08-03,제품 판매,D006,C001,차변,1130,외상매출금,14982000,전자세금계산서,TAX-202608-0319,자동차용 씰링부품 외상 판매,포트폴리오용 합성 거래
JV2026081319,2,2026-08-03,제품 판매,D006,C001,대변,4110,제품매출,13620000,전자세금계산서,TAX-202608-0319,자동차용 씰링부품 외상 판매,포트폴리오용 합성 거래
JV2026081319,3,2026-08-03,제품 판매,D006,C001,대변,2180,부가세예수금,1362000,전자세금계산서,TAX-202608-0319,자동차용 씰링부품 외상 판매,포트폴리오용 합성 거래
JV2026081320,1,2026-08-17,원재료 매입,D002,V001,차변,1210,원재료,5760000,전자세금계산서,TAX-202608-0320,합성고무 원재료 구매,포트폴리오용 합성 거래
JV2026081320,2,2026-08-17,원재료 매입,D002,V001,차변,1180,부가세대급금,576000,전자세금계산서,TAX-202608-0320,합성고무 원재료 구매,포트폴리오용 합성 거래
JV2026081320,3,2026-08-17,원재료 매입,D002,V001,대변,2110,외상매입금,6336000,전자세금계산서,TAX-202608-0320,합성고무 원재료 구매,포트폴리오용 합성 거래
JV2026081321,1,2026-08-16,원재료 매입,D002,V002,차변,1210,원재료,5390000,전자세금계산서,TAX-202608-0321,고무 원재료 외상 매입,포트폴리오용 합성 거래
JV2026081321,2,2026-08-16,원재료 매입,D002,V002,차변,1180,부가세대급금,539000,전자세금계산서,TAX-202608-0321,고무 원재료 외상 매입,포트폴리오용 합성 거래
JV2026081321,3,2026-08-16,원재료 매입,D002,V002,대변,2110,외상매입금,5929000,전자세금계산서,TAX-202608-0321,고무 원재료 외상 매입,포트폴리오용 합성 거래
JV2026081323,1,2026-08-30,운송비,D007,V005,차변,5140,운반비,220000,전자세금계산서,TAX-202608-0323,제품 납품 운송비,포트폴리오용 합성 거래
JV2026081323,2,2026-08-30,운송비,D007,V005,차변,1180,부가세대급금,22000,전자세금계산서,TAX-202608-0323,제품 납품 운송비,포트폴리오용 합성 거래
JV2026081323,3,2026-08-30,운송비,D007,V005,대변,2120,미지급금,242000,전자세금계산서,TAX-202608-0323,제품 납품 운송비,포트폴리오용 합성 거래
JV2026081324,1,2026-08-18,운송비,D007,V005,차변,5140,운반비,870000,전자세금계산서,TAX-202608-0324,원재료 입고 운송비,포트폴리오용 합성 거래
JV2026081324,2,2026-08-18,운송비,D007,V005,차변,1180,부가세대급금,87000,전자세금계산서,TAX-202608-0324,원재료 입고 운송비,포트폴리오용 합성 거래
JV2026081324,3,2026-08-18,운송비,D007,V005,대변,2120,미지급금,957000,전자세금계산서,TAX-202608-0324,원재료 입고 운송비,포트폴리오용 합성 거래
JV2026081325,1,2026-08-25,경영서비스 수수료,D001,V008,차변,5160,지급수수료,2250000,전자세금계산서,TAX-202608-0325,회계 자문 수수료,포트폴리오용 합성 거래
JV2026081325,2,2026-08-25,경영서비스 수수료,D001,V008,차변,1180,부가세대급금,225000,전자세금계산서,TAX-202608-0325,회계 자문 수수료,포트폴리오용 합성 거래
JV2026081325,3,2026-08-25,경영서비스 수수료,D001,V008,대변,2120,미지급금,2475000,전자세금계산서,TAX-202608-0325,회계 자문 수수료,포트폴리오용 합성 거래
JV2026081326,1,2026-08-09,원재료 매입,D002,V002,차변,1210,원재료,4980000,전자세금계산서,TAX-202608-0326,자동차부품용 소재 매입,포트폴리오용 합성 거래
JV2026081326,2,2026-08-09,원재료 매입,D002,V002,차변,1180,부가세대급금,498000,전자세금계산서,TAX-202608-0326,자동차부품용 소재 매입,포트폴리오용 합성 거래
JV2026081326,3,2026-08-09,원재료 매입,D002,V002,대변,2110,외상매입금,5478000,전자세금계산서,TAX-202608-0326,자동차부품용 소재 매입,포트폴리오용 합성 거래
JV2026081327,1,2026-08-27,산업용 소모품 구매,D007,V004,차변,5130,소모품비,460000,법인카드,TAX-202608-0327,현장 안전용품 구매,포트폴리오용 합성 거래
JV2026081327,2,2026-08-27,산업용 소모품 구매,D007,V004,차변,1180,부가세대급금,46000,법인카드,TAX-202608-0327,현장 안전용품 구매,포트폴리오용 합성 거래
JV2026081327,3,2026-08-27,산업용 소모품 구매,D007,V004,대변,2110,외상매입금,506000,법인카드,TAX-202608-0327,현장 안전용품 구매,포트폴리오용 합성 거래
JV2026081328,1,2026-08-06,제품 판매,D006,C003,차변,1130,외상매출금,12166000,전자세금계산서,TAX-202608-0328,고무호스 제품 외상 판매,포트폴리오용 합성 거래
JV2026081328,2,2026-08-06,제품 판매,D006,C003,대변,4110,제품매출,11060000,전자세금계산서,TAX-202608-0328,고무호스 제품 외상 판매,포트폴리오용 합성 거래
JV2026081328,3,2026-08-06,제품 판매,D006,C003,대변,2180,부가세예수금,1106000,전자세금계산서,TAX-202608-0328,고무호스 제품 외상 판매,포트폴리오용 합성 거래
JV2026081329,1,2026-08-11,제품 판매,D006,C002,차변,1130,외상매출금,15235000,전자세금계산서,TAX-202608-0329,고무호스 제품 외상 판매,포트폴리오용 합성 거래
JV2026081329,2,2026-08-11,제품 판매,D006,C002,대변,4110,제품매출,13850000,전자세금계산서,TAX-202608-0329,고무호스 제품 외상 판매,포트폴리오용 합성 거래
JV2026081329,3,2026-08-11,제품 판매,D006,C002,대변,2180,부가세예수금,1385000,전자세금계산서,TAX-202608-0329,고무호스 제품 외상 판매,포트폴리오용 합성 거래
JV2026081331,1,2026-08-31,원재료 매입,D002,V002,차변,1210,원재료,4090000,전자세금계산서,TAX-202608-0331,고무 원재료 외상 매입,포트폴리오용 합성 거래
JV2026081331,2,2026-08-31,원재료 매입,D002,V002,차변,1180,부가세대급금,409000,전자세금계산서,TAX-202608-0331,고무 원재료 외상 매입,포트폴리오용 합성 거래
JV2026081331,3,2026-08-31,원재료 매입,D002,V002,대변,2110,외상매입금,4499000,전자세금계산서,TAX-202608-0331,고무 원재료 외상 매입,포트폴리오용 합성 거래
JV2026081332,1,2026-08-10,공장 전기요금,D003,V006,차변,5150,전력비,2060000,전자세금계산서,TAX-202608-0332,생산2공장 전기요금,포트폴리오용 합성 거래
JV2026081332,2,2026-08-10,공장 전기요금,D003,V006,차변,1180,부가세대급금,206000,전자세금계산서,TAX-202608-0332,생산2공장 전기요금,포트폴리오용 합성 거래
JV2026081332,3,2026-08-10,공장 전기요금,D003,V006,대변,2120,미지급금,2266000,전자세금계산서,TAX-202608-0332,생산2공장 전기요금,포트폴리오용 합성 거래
JV2026081333,1,2026-08-17,원재료 매입,D002,V002,차변,1210,원재료,6050000,전자세금계산서,TAX-202608-0333,고무 원재료 외상 매입,포트폴리오용 합성 거래
JV2026081333,2,2026-08-17,원재료 매입,D002,V002,차변,1180,부가세대급금,605000,전자세금계산서,TAX-202608-0333,고무 원재료 외상 매입,포트폴리오용 합성 거래
JV2026081333,3,2026-08-17,원재료 매입,D002,V002,대변,2110,외상매입금,6655000,전자세금계산서,TAX-202608-0333,고무 원재료 외상 매입,포트폴리오용 합성 거래
JV2026081334,1,2026-08-05,제품 판매,D006,C002,차변,1130,외상매출금,3883000,전자세금계산서,TAX-202608-0334,자동차용 고무부품 외상 판매,포트폴리오용 합성 거래
JV2026081334,2,2026-08-05,제품 판매,D006,C002,대변,4110,제품매출,3530000,전자세금계산서,TAX-202608-0334,자동차용 고무부품 외상 판매,포트폴리오용 합성 거래
JV2026081334,3,2026-08-05,제품 판매,D006,C002,대변,2180,부가세예수금,353000,전자세금계산서,TAX-202608-0334,자동차용 고무부품 외상 판매,포트폴리오용 합성 거래
JV2026081335,1,2026-08-03,제품 판매,D006,C001,차변,1130,외상매출금,14773000,전자세금계산서,TAX-202608-0335,자동차용 고무부품 외상 판매,포트폴리오용 합성 거래
JV2026081335,2,2026-08-03,제품 판매,D006,C001,대변,4110,제품매출,13430000,전자세금계산서,TAX-202608-0335,자동차용 고무부품 외상 판매,포트폴리오용 합성 거래
JV2026081335,3,2026-08-03,제품 판매,D006,C001,대변,2180,부가세예수금,1343000,전자세금계산서,TAX-202608-0335,자동차용 고무부품 외상 판매,포트폴리오용 합성 거래
JV2026081336,1,2026-08-10,제품 판매,D006,C001,차변,1130,외상매출금,7898000,전자세금계산서,TAX-202608-0336,방진부품 외상 판매,포트폴리오용 합성 거래
JV2026081336,2,2026-08-10,제품 판매,D006,C001,대변,4110,제품매출,7180000,전자세금계산서,TAX-202608-0336,방진부품 외상 판매,포트폴리오용 합성 거래
JV2026081336,3,2026-08-10,제품 판매,D006,C001,대변,2180,부가세예수금,718000,전자세금계산서,TAX-202608-0336,방진부품 외상 판매,포트폴리오용 합성 거래
JV2026081337,1,2026-08-24,제품 판매,D006,C002,차변,1130,외상매출금,3322000,전자세금계산서,TAX-202608-0337,자동차용 고무부품 외상 판매,포트폴리오용 합성 거래
JV2026081337,2,2026-08-24,제품 판매,D006,C002,대변,4110,제품매출,3020000,전자세금계산서,TAX-202608-0337,자동차용 고무부품 외상 판매,포트폴리오용 합성 거래
JV2026081337,3,2026-08-24,제품 판매,D006,C002,대변,2180,부가세예수금,302000,전자세금계산서,TAX-202608-0337,자동차용 고무부품 외상 판매,포트폴리오용 합성 거래
JV2026081338,1,2026-08-24,제품 판매,D006,C002,차변,1130,외상매출금,13112000,전자세금계산서,TAX-202608-0338,자동차용 고무부품 외상 판매,포트폴리오용 합성 거래
JV2026081338,2,2026-08-24,제품 판매,D006,C002,대변,4110,제품매출,11920000,전자세금계산서,TAX-202608-0338,자동차용 고무부품 외상 판매,포트폴리오용 합성 거래
JV2026081338,3,2026-08-24,제품 판매,D006,C002,대변,2180,부가세예수금,1192000,전자세금계산서,TAX-202608-0338,자동차용 고무부품 외상 판매,포트폴리오용 합성 거래
JV2026081339,1,2026-08-04,운송비,D007,V005,차변,5140,운반비,1200000,전자세금계산서,TAX-202608-0339,제품 납품 운송비,포트폴리오용 합성 거래
JV2026081339,2,2026-08-04,운송비,D007,V005,차변,1180,부가세대급금,120000,전자세금계산서,TAX-202608-0339,제품 납품 운송비,포트폴리오용 합성 거래
JV2026081339,3,2026-08-04,운송비,D007,V005,대변,2120,미지급금,1320000,전자세금계산서,TAX-202608-0339,제품 납품 운송비,포트폴리오용 합성 거래
JV2026081340,1,2026-08-27,원재료 매입,D002,V001,차변,1210,원재료,6400000,전자세금계산서,TAX-202608-0340,자동차부품용 소재 매입,포트폴리오용 합성 거래
JV2026081340,2,2026-08-27,원재료 매입,D002,V001,차변,1180,부가세대급금,640000,전자세금계산서,TAX-202608-0340,자동차부품용 소재 매입,포트폴리오용 합성 거래
JV2026081340,3,2026-08-27,원재료 매입,D002,V001,대변,2110,외상매입금,7040000,전자세금계산서,TAX-202608-0340,자동차부품용 소재 매입,포트폴리오용 합성 거래
JV2026081341,1,2026-08-12,제품 판매,D006,C001,차변,1130,외상매출금,5159000,전자세금계산서,TAX-202608-0341,자동차용 씰링부품 외상 판매,포트폴리오용 합성 거래
JV2026081341,2,2026-08-12,제품 판매,D006,C001,대변,4110,제품매출,4690000,전자세금계산서,TAX-202608-0341,자동차용 씰링부품 외상 판매,포트폴리오용 합성 거래
JV2026081341,3,2026-08-12,제품 판매,D006,C001,대변,2180,부가세예수금,469000,전자세금계산서,TAX-202608-0341,자동차용 씰링부품 외상 판매,포트폴리오용 합성 거래
JV2026081342,1,2026-08-05,제품 판매,D006,C004,차변,1130,외상매출금,18898000,전자세금계산서,TAX-202608-0342,자동차용 고무부품 외상 판매,포트폴리오용 합성 거래
JV2026081342,2,2026-08-05,제품 판매,D006,C004,대변,4110,제품매출,17180000,전자세금계산서,TAX-202608-0342,자동차용 고무부품 외상 판매,포트폴리오용 합성 거래
JV2026081342,3,2026-08-05,제품 판매,D006,C004,대변,2180,부가세예수금,1718000,전자세금계산서,TAX-202608-0342,자동차용 고무부품 외상 판매,포트폴리오용 합성 거래
JV2026081343,1,2026-08-06,원재료 매입,D002,V002,차변,1210,원재료,4270000,전자세금계산서,TAX-202608-0343,자동차부품용 소재 매입,포트폴리오용 합성 거래
JV2026081343,2,2026-08-06,원재료 매입,D002,V002,차변,1180,부가세대급금,427000,전자세금계산서,TAX-202608-0343,자동차부품용 소재 매입,포트폴리오용 합성 거래
JV2026081343,3,2026-08-06,원재료 매입,D002,V002,대변,2110,외상매입금,4697000,전자세금계산서,TAX-202608-0343,자동차부품용 소재 매입,포트폴리오용 합성 거래
JV2026081344,1,2026-08-18,생산설비 구매,D002,V007,차변,1510,기계장치,14530000,전자세금계산서,TAX-202608-0344,품질검사 설비 구매,포트폴리오용 합성 거래
JV2026081344,2,2026-08-18,생산설비 구매,D002,V007,차변,1180,부가세대급금,1453000,전자세금계산서,TAX-202608-0344,품질검사 설비 구매,포트폴리오용 합성 거래
JV2026081344,3,2026-08-18,생산설비 구매,D002,V007,대변,2120,미지급금,15983000,전자세금계산서,TAX-202608-0344,품질검사 설비 구매,포트폴리오용 합성 거래
JV2026081346,1,2026-08-30,제품 판매,D006,C004,차변,1130,외상매출금,7128000,전자세금계산서,TAX-202608-0346,자동차용 고무부품 외상 판매,포트폴리오용 합성 거래
JV2026081346,2,2026-08-30,제품 판매,D006,C004,대변,4110,제품매출,6480000,전자세금계산서,TAX-202608-0346,자동차용 고무부품 외상 판매,포트폴리오용 합성 거래
JV2026081346,3,2026-08-30,제품 판매,D006,C004,대변,2180,부가세예수금,648000,전자세금계산서,TAX-202608-0346,자동차용 고무부품 외상 판매,포트폴리오용 합성 거래
JV2026081347,1,2026-08-08,제품 판매,D006,C003,차변,1130,외상매출금,3729000,전자세금계산서,TAX-202608-0347,고무호스 제품 외상 판매,포트폴리오용 합성 거래
JV2026081347,2,2026-08-08,제품 판매,D006,C003,대변,4110,제품매출,3390000,전자세금계산서,TAX-202608-0347,고무호스 제품 외상 판매,포트폴리오용 합성 거래
JV2026081347,3,2026-08-08,제품 판매,D006,C003,대변,2180,부가세예수금,339000,전자세금계산서,TAX-202608-0347,고무호스 제품 외상 판매,포트폴리오용 합성 거래
JV2026081348,1,2026-08-06,공장 전기요금,D003,V006,차변,5150,전력비,3150000,전자세금계산서,TAX-202608-0348,생산1공장 전기요금,포트폴리오용 합성 거래
JV2026081348,2,2026-08-06,공장 전기요금,D003,V006,차변,1180,부가세대급금,315000,전자세금계산서,TAX-202608-0348,생산1공장 전기요금,포트폴리오용 합성 거래
JV2026081348,3,2026-08-06,공장 전기요금,D003,V006,대변,2120,미지급금,3465000,전자세금계산서,TAX-202608-0348,생산1공장 전기요금,포트폴리오용 합성 거래
JV2026081350,1,2026-08-11,제품 판매,D006,C001,차변,1130,외상매출금,9416000,전자세금계산서,TAX-202608-0350,자동차용 고무부품 외상 판매,포트폴리오용 합성 거래
JV2026081350,2,2026-08-11,제품 판매,D006,C001,대변,4110,제품매출,8560000,전자세금계산서,TAX-202608-0350,자동차용 고무부품 외상 판매,포트폴리오용 합성 거래
JV2026081350,3,2026-08-11,제품 판매,D006,C001,대변,2180,부가세예수금,856000,전자세금계산서,TAX-202608-0350,자동차용 고무부품 외상 판매,포트폴리오용 합성 거래
JV2026081351,1,2026-08-04,생산설비 구매,D002,V007,차변,1510,기계장치,11900000,전자세금계산서,TAX-202608-0351,품질검사 설비 구매,포트폴리오용 합성 거래
JV2026081351,2,2026-08-04,생산설비 구매,D002,V007,차변,1180,부가세대급금,1190000,전자세금계산서,TAX-202608-0351,품질검사 설비 구매,포트폴리오용 합성 거래
JV2026081351,3,2026-08-04,생산설비 구매,D002,V007,대변,2120,미지급금,13090000,전자세금계산서,TAX-202608-0351,품질검사 설비 구매,포트폴리오용 합성 거래
JV2026081352,1,2026-08-05,생산설비 구매,D002,V007,차변,1510,기계장치,48180000,전자세금계산서,TAX-202608-0352,공정 자동화 장비 구매,포트폴리오용 합성 거래
JV2026081352,2,2026-08-05,생산설비 구매,D002,V007,차변,1180,부가세대급금,4818000,전자세금계산서,TAX-202608-0352,공정 자동화 장비 구매,포트폴리오용 합성 거래
JV2026081352,3,2026-08-05,생산설비 구매,D002,V007,대변,2120,미지급금,52998000,전자세금계산서,TAX-202608-0352,공정 자동화 장비 구매,포트폴리오용 합성 거래
JV2026081354,1,2026-08-21,원재료 매입,D002,V002,차변,1210,원재료,7690000,전자세금계산서,TAX-202608-0354,자동차부품용 소재 매입,포트폴리오용 합성 거래
JV2026081354,2,2026-08-21,원재료 매입,D002,V002,차변,1180,부가세대급금,769000,전자세금계산서,TAX-202608-0354,자동차부품용 소재 매입,포트폴리오용 합성 거래
JV2026081354,3,2026-08-21,원재료 매입,D002,V002,대변,2110,외상매입금,8459000,전자세금계산서,TAX-202608-0354,자동차부품용 소재 매입,포트폴리오용 합성 거래
JV2026081355,1,2026-08-02,제품 판매,D006,C002,차변,1130,외상매출금,9768000,전자세금계산서,TAX-202608-0355,고무호스 제품 외상 판매,포트폴리오용 합성 거래
JV2026081355,2,2026-08-02,제품 판매,D006,C002,대변,4110,제품매출,8880000,전자세금계산서,TAX-202608-0355,고무호스 제품 외상 판매,포트폴리오용 합성 거래
JV2026081355,3,2026-08-02,제품 판매,D006,C002,대변,2180,부가세예수금,888000,전자세금계산서,TAX-202608-0355,고무호스 제품 외상 판매,포트폴리오용 합성 거래
JV2026081356,1,2026-08-02,운송비,D007,V005,차변,5140,운반비,320000,전자세금계산서,TAX-202608-0356,긴급 납품 운송비,포트폴리오용 합성 거래
JV2026081356,2,2026-08-02,운송비,D007,V005,차변,1180,부가세대급금,32000,전자세금계산서,TAX-202608-0356,긴급 납품 운송비,포트폴리오용 합성 거래
JV2026081356,3,2026-08-02,운송비,D007,V005,대변,2120,미지급금,352000,전자세금계산서,TAX-202608-0356,긴급 납품 운송비,포트폴리오용 합성 거래
JV2026081357,1,2026-08-17,공장 전기요금,D003,V006,차변,5150,전력비,4590000,전자세금계산서,TAX-202608-0357,생산1공장 전기요금,포트폴리오용 합성 거래
JV2026081357,2,2026-08-17,공장 전기요금,D003,V006,차변,1180,부가세대급금,459000,전자세금계산서,TAX-202608-0357,생산1공장 전기요금,포트폴리오용 합성 거래
JV2026081357,3,2026-08-17,공장 전기요금,D003,V006,대변,2120,미지급금,5049000,전자세금계산서,TAX-202608-0357,생산1공장 전기요금,포트폴리오용 합성 거래
JV2026081358,1,2026-08-03,원재료 매입,D002,V002,차변,1210,원재료,4250000,전자세금계산서,TAX-202608-0358,고무 원재료 외상 매입,포트폴리오용 합성 거래
JV2026081358,2,2026-08-03,원재료 매입,D002,V002,차변,1180,부가세대급금,425000,전자세금계산서,TAX-202608-0358,고무 원재료 외상 매입,포트폴리오용 합성 거래
JV2026081358,3,2026-08-03,원재료 매입,D002,V002,대변,2110,외상매입금,4675000,전자세금계산서,TAX-202608-0358,고무 원재료 외상 매입,포트폴리오용 합성 거래
JV2026081359,1,2026-08-09,원재료 매입,D002,V001,차변,1210,원재료,3230000,전자세금계산서,TAX-202608-0359,합성고무 원재료 구매,포트폴리오용 합성 거래
JV2026081359,2,2026-08-09,원재료 매입,D002,V001,차변,1180,부가세대급금,323000,전자세금계산서,TAX-202608-0359,합성고무 원재료 구매,포트폴리오용 합성 거래
JV2026081359,3,2026-08-09,원재료 매입,D002,V001,대변,2110,외상매입금,3553000,전자세금계산서,TAX-202608-0359,합성고무 원재료 구매,포트폴리오용 합성 거래
JV2026081360,1,2026-08-15,제품 판매,D006,C004,차변,1130,외상매출금,16995000,전자세금계산서,TAX-202608-0360,고무호스 제품 외상 판매,포트폴리오용 합성 거래
JV2026081360,2,2026-08-15,제품 판매,D006,C004,대변,4110,제품매출,15450000,전자세금계산서,TAX-202608-0360,고무호스 제품 외상 판매,포트폴리오용 합성 거래
JV2026081360,3,2026-08-15,제품 판매,D006,C004,대변,2180,부가세예수금,1545000,전자세금계산서,TAX-202608-0360,고무호스 제품 외상 판매,포트폴리오용 합성 거래
JV2026081361,1,2026-08-20,제품 판매,D006,C002,차변,1130,외상매출금,8613000,전자세금계산서,TAX-202608-0361,고무호스 제품 외상 판매,포트폴리오용 합성 거래
JV2026081361,2,2026-08-20,제품 판매,D006,C002,대변,4110,제품매출,7830000,전자세금계산서,TAX-202608-0361,고무호스 제품 외상 판매,포트폴리오용 합성 거래
JV2026081361,3,2026-08-20,제품 판매,D006,C002,대변,2180,부가세예수금,783000,전자세금계산서,TAX-202608-0361,고무호스 제품 외상 판매,포트폴리오용 합성 거래
JV2026081362,1,2026-08-12,원재료 매입,D002,V001,차변,1210,원재료,5000000,전자세금계산서,TAX-202608-0362,고무 원재료 외상 매입,포트폴리오용 합성 거래
JV2026081362,2,2026-08-12,원재료 매입,D002,V001,차변,1180,부가세대급금,500000,전자세금계산서,TAX-202608-0362,고무 원재료 외상 매입,포트폴리오용 합성 거래
JV2026081362,3,2026-08-12,원재료 매입,D002,V001,대변,2110,외상매입금,5500000,전자세금계산서,TAX-202608-0362,고무 원재료 외상 매입,포트폴리오용 합성 거래
JV2026081363,1,2026-08-26,공장 전기요금,D003,V006,차변,5150,전력비,2190000,전자세금계산서,TAX-202608-0363,생산2공장 전기요금,포트폴리오용 합성 거래
JV2026081363,2,2026-08-26,공장 전기요금,D003,V006,차변,1180,부가세대급금,219000,전자세금계산서,TAX-202608-0363,생산2공장 전기요금,포트폴리오용 합성 거래
JV2026081363,3,2026-08-26,공장 전기요금,D003,V006,대변,2120,미지급금,2409000,전자세금계산서,TAX-202608-0363,생산2공장 전기요금,포트폴리오용 합성 거래
JV2026081364,1,2026-08-15,원재료 매입,D002,V002,차변,1210,원재료,3840000,전자세금계산서,TAX-202608-0364,합성고무 원재료 구매,포트폴리오용 합성 거래
JV2026081364,2,2026-08-15,원재료 매입,D002,V002,차변,1180,부가세대급금,384000,전자세금계산서,TAX-202608-0364,합성고무 원재료 구매,포트폴리오용 합성 거래
JV2026081364,3,2026-08-15,원재료 매입,D002,V002,대변,2110,외상매입금,4224000,전자세금계산서,TAX-202608-0364,합성고무 원재료 구매,포트폴리오용 합성 거래
JV2026081365,1,2026-08-29,산업용 소모품 구매,D005,V003,차변,5130,소모품비,850000,법인카드,CARD-202608-0365,현장 안전용품 구매,포트폴리오용 합성 거래
JV2026081365,2,2026-08-29,산업용 소모품 구매,D005,V003,차변,1180,부가세대급금,85000,법인카드,CARD-202608-0365,현장 안전용품 구매,포트폴리오용 합성 거래
JV2026081365,3,2026-08-29,산업용 소모품 구매,D005,V003,대변,2140,카드미지급금,935000,법인카드,CARD-202608-0365,현장 안전용품 구매,포트폴리오용 합성 거래
JV2026081366,1,2026-08-06,원재료 매입,D002,V001,차변,1210,원재료,1780000,전자세금계산서,TAX-202608-0366,고무 원재료 외상 매입,포트폴리오용 합성 거래
JV2026081366,2,2026-08-06,원재료 매입,D002,V001,차변,1180,부가세대급금,178000,전자세금계산서,TAX-202608-0366,고무 원재료 외상 매입,포트폴리오용 합성 거래
JV2026081366,3,2026-08-06,원재료 매입,D002,V001,대변,2110,외상매입금,1958000,전자세금계산서,TAX-202608-0366,고무 원재료 외상 매입,포트폴리오용 합성 거래
JV2026081367,1,2026-08-23,제품 판매,D006,C003,차변,1130,외상매출금,20471000,전자세금계산서,TAX-202608-0367,자동차용 씰링부품 외상 판매,포트폴리오용 합성 거래
JV2026081367,2,2026-08-23,제품 판매,D006,C003,대변,4110,제품매출,18610000,전자세금계산서,TAX-202608-0367,자동차용 씰링부품 외상 판매,포트폴리오용 합성 거래
JV2026081367,3,2026-08-23,제품 판매,D006,C003,대변,2180,부가세예수금,1861000,전자세금계산서,TAX-202608-0367,자동차용 씰링부품 외상 판매,포트폴리오용 합성 거래
JV2026081368,1,2026-08-04,원재료 매입,D002,V002,차변,1210,원재료,1980000,전자세금계산서,TAX-202608-0368,고무 원재료 외상 매입,포트폴리오용 합성 거래
JV2026081368,2,2026-08-04,원재료 매입,D002,V002,차변,1180,부가세대급금,198000,전자세금계산서,TAX-202608-0368,고무 원재료 외상 매입,포트폴리오용 합성 거래
JV2026081368,3,2026-08-04,원재료 매입,D002,V002,대변,2110,외상매입금,2178000,전자세금계산서,TAX-202608-0368,고무 원재료 외상 매입,포트폴리오용 합성 거래
JV2026081369,1,2026-08-15,운송비,D007,V005,차변,5140,운반비,1380000,전자세금계산서,TAX-202608-0369,긴급 납품 운송비,포트폴리오용 합성 거래
JV2026081369,2,2026-08-15,운송비,D007,V005,차변,1180,부가세대급금,138000,전자세금계산서,TAX-202608-0369,긴급 납품 운송비,포트폴리오용 합성 거래
JV2026081369,3,2026-08-15,운송비,D007,V005,대변,2120,미지급금,1518000,전자세금계산서,TAX-202608-0369,긴급 납품 운송비,포트폴리오용 합성 거래
JV2026081370,1,2026-08-02,제품 판매,D006,C003,차변,1130,외상매출금,14003000,전자세금계산서,TAX-202608-0370,고무호스 제품 외상 판매,포트폴리오용 합성 거래
JV2026081370,2,2026-08-02,제품 판매,D006,C003,대변,4110,제품매출,12730000,전자세금계산서,TAX-202608-0370,고무호스 제품 외상 판매,포트폴리오용 합성 거래
JV2026081370,3,2026-08-02,제품 판매,D006,C003,대변,2180,부가세예수금,1273000,전자세금계산서,TAX-202608-0370,고무호스 제품 외상 판매,포트폴리오용 합성 거래
JV2026081371,1,2026-08-03,원재료 매입,D002,V001,차변,1210,원재료,4810000,전자세금계산서,TAX-202608-0371,자동차부품용 소재 매입,포트폴리오용 합성 거래
JV2026081371,2,2026-08-03,원재료 매입,D002,V001,차변,1180,부가세대급금,481000,전자세금계산서,TAX-202608-0371,자동차부품용 소재 매입,포트폴리오용 합성 거래
JV2026081371,3,2026-08-03,원재료 매입,D002,V001,대변,2110,외상매입금,5291000,전자세금계산서,TAX-202608-0371,자동차부품용 소재 매입,포트폴리오용 합성 거래
JV2026081375,1,2026-08-17,원재료 매입,D002,V001,차변,1210,원재료,6230000,전자세금계산서,TAX-202608-0375,자동차부품용 소재 매입,포트폴리오용 합성 거래
JV2026081375,2,2026-08-17,원재료 매입,D002,V001,차변,1180,부가세대급금,623000,전자세금계산서,TAX-202608-0375,자동차부품용 소재 매입,포트폴리오용 합성 거래
JV2026081375,3,2026-08-17,원재료 매입,D002,V001,대변,2110,외상매입금,6853000,전자세금계산서,TAX-202608-0375,자동차부품용 소재 매입,포트폴리오용 합성 거래
JV2026081376,1,2026-08-08,공장 전기요금,D004,V006,차변,5150,전력비,1590000,전자세금계산서,TAX-202608-0376,공장 설비 전력 사용료,포트폴리오용 합성 거래
JV2026081376,2,2026-08-08,공장 전기요금,D004,V006,차변,1180,부가세대급금,159000,전자세금계산서,TAX-202608-0376,공장 설비 전력 사용료,포트폴리오용 합성 거래
JV2026081376,3,2026-08-08,공장 전기요금,D004,V006,대변,2120,미지급금,1749000,전자세금계산서,TAX-202608-0376,공장 설비 전력 사용료,포트폴리오용 합성 거래
JV2026081377,1,2026-08-21,원재료 매입,D002,V001,차변,1210,원재료,6190000,전자세금계산서,TAX-202608-0377,고무 원재료 외상 매입,포트폴리오용 합성 거래
JV2026081377,2,2026-08-21,원재료 매입,D002,V001,차변,1180,부가세대급금,619000,전자세금계산서,TAX-202608-0377,고무 원재료 외상 매입,포트폴리오용 합성 거래
JV2026081377,3,2026-08-21,원재료 매입,D002,V001,대변,2110,외상매입금,6809000,전자세금계산서,TAX-202608-0377,고무 원재료 외상 매입,포트폴리오용 합성 거래
JV2026081378,1,2026-08-20,제품 판매,D006,C002,차변,1130,외상매출금,5478000,전자세금계산서,TAX-202608-0378,자동차용 씰링부품 외상 판매,포트폴리오용 합성 거래
JV2026081378,2,2026-08-20,제품 판매,D006,C002,대변,4110,제품매출,4980000,전자세금계산서,TAX-202608-0378,자동차용 씰링부품 외상 판매,포트폴리오용 합성 거래
JV2026081378,3,2026-08-20,제품 판매,D006,C002,대변,2180,부가세예수금,498000,전자세금계산서,TAX-202608-0378,자동차용 씰링부품 외상 판매,포트폴리오용 합성 거래
JV2026081379,1,2026-08-24,공장 전기요금,D004,V006,차변,5150,전력비,4150000,전자세금계산서,TAX-202608-0379,생산1공장 전기요금,포트폴리오용 합성 거래
JV2026081379,2,2026-08-24,공장 전기요금,D004,V006,차변,1180,부가세대급금,415000,전자세금계산서,TAX-202608-0379,생산1공장 전기요금,포트폴리오용 합성 거래
JV2026081379,3,2026-08-24,공장 전기요금,D004,V006,대변,2120,미지급금,4565000,전자세금계산서,TAX-202608-0379,생산1공장 전기요금,포트폴리오용 합성 거래
JV2026081380,1,2026-08-15,제품 판매,D006,C004,차변,1130,외상매출금,16236000,전자세금계산서,TAX-202608-0380,자동차용 씰링부품 외상 판매,포트폴리오용 합성 거래
JV2026081380,2,2026-08-15,제품 판매,D006,C004,대변,4110,제품매출,14760000,전자세금계산서,TAX-202608-0380,자동차용 씰링부품 외상 판매,포트폴리오용 합성 거래
JV2026081380,3,2026-08-15,제품 판매,D006,C004,대변,2180,부가세예수금,1476000,전자세금계산서,TAX-202608-0380,자동차용 씰링부품 외상 판매,포트폴리오용 합성 거래
JV2026081381,1,2026-08-30,원재료 매입,D002,V001,차변,1210,원재료,3350000,전자세금계산서,TAX-202608-0381,고무 원재료 외상 매입,포트폴리오용 합성 거래
JV2026081381,2,2026-08-30,원재료 매입,D002,V001,차변,1180,부가세대급금,335000,전자세금계산서,TAX-202608-0381,고무 원재료 외상 매입,포트폴리오용 합성 거래
JV2026081381,3,2026-08-30,원재료 매입,D002,V001,대변,2110,외상매입금,3685000,전자세금계산서,TAX-202608-0381,고무 원재료 외상 매입,포트폴리오용 합성 거래
JV2026081382,1,2026-08-16,원재료 매입,D002,V001,차변,1210,원재료,6000000,전자세금계산서,TAX-202608-0382,합성고무 원재료 구매,포트폴리오용 합성 거래
JV2026081382,2,2026-08-16,원재료 매입,D002,V001,차변,1180,부가세대급금,600000,전자세금계산서,TAX-202608-0382,합성고무 원재료 구매,포트폴리오용 합성 거래
JV2026081382,3,2026-08-16,원재료 매입,D002,V001,대변,2110,외상매입금,6600000,전자세금계산서,TAX-202608-0382,합성고무 원재료 구매,포트폴리오용 합성 거래
JV2026081383,1,2026-08-13,원재료 매입,D002,V002,차변,1210,원재료,1710000,전자세금계산서,TAX-202608-0383,자동차부품용 소재 매입,포트폴리오용 합성 거래
JV2026081383,2,2026-08-13,원재료 매입,D002,V002,차변,1180,부가세대급금,171000,전자세금계산서,TAX-202608-0383,자동차부품용 소재 매입,포트폴리오용 합성 거래
JV2026081383,3,2026-08-13,원재료 매입,D002,V002,대변,2110,외상매입금,1881000,전자세금계산서,TAX-202608-0383,자동차부품용 소재 매입,포트폴리오용 합성 거래
JV2026081384,1,2026-08-18,운송비,D007,V005,차변,5140,운반비,1290000,전자세금계산서,TAX-202608-0384,원재료 입고 운송비,포트폴리오용 합성 거래
JV2026081384,2,2026-08-18,운송비,D007,V005,차변,1180,부가세대급금,129000,전자세금계산서,TAX-202608-0384,원재료 입고 운송비,포트폴리오용 합성 거래
JV2026081384,3,2026-08-18,운송비,D007,V005,대변,2120,미지급금,1419000,전자세금계산서,TAX-202608-0384,원재료 입고 운송비,포트폴리오용 합성 거래
JV2026081385,1,2026-08-11,제품 판매,D006,C002,차변,1130,외상매출금,17864000,전자세금계산서,TAX-202608-0385,고무호스 제품 외상 판매,포트폴리오용 합성 거래
JV2026081385,2,2026-08-11,제품 판매,D006,C002,대변,4110,제품매출,16240000,전자세금계산서,TAX-202608-0385,고무호스 제품 외상 판매,포트폴리오용 합성 거래
JV2026081385,3,2026-08-11,제품 판매,D006,C002,대변,2180,부가세예수금,1624000,전자세금계산서,TAX-202608-0385,고무호스 제품 외상 판매,포트폴리오용 합성 거래
JV2026081386,1,2026-08-09,제품 판매,D006,C004,차변,1130,외상매출금,18865000,전자세금계산서,TAX-202608-0386,자동차용 씰링부품 외상 판매,포트폴리오용 합성 거래
JV2026081386,2,2026-08-09,제품 판매,D006,C004,대변,4110,제품매출,17150000,전자세금계산서,TAX-202608-0386,자동차용 씰링부품 외상 판매,포트폴리오용 합성 거래
JV2026081386,3,2026-08-09,제품 판매,D006,C004,대변,2180,부가세예수금,1715000,전자세금계산서,TAX-202608-0386,자동차용 씰링부품 외상 판매,포트폴리오용 합성 거래
JV2026081387,1,2026-08-24,경영서비스 수수료,D001,V008,차변,5160,지급수수료,900000,전자세금계산서,TAX-202608-0387,업무 시스템 자문료,포트폴리오용 합성 거래
JV2026081387,2,2026-08-24,경영서비스 수수료,D001,V008,차변,1180,부가세대급금,90000,전자세금계산서,TAX-202608-0387,업무 시스템 자문료,포트폴리오용 합성 거래
JV2026081387,3,2026-08-24,경영서비스 수수료,D001,V008,대변,2120,미지급금,990000,전자세금계산서,TAX-202608-0387,업무 시스템 자문료,포트폴리오용 합성 거래
JV2026081388,1,2026-08-15,원재료 매입,D002,V001,차변,1210,원재료,6910000,전자세금계산서,TAX-202608-0388,합성고무 원재료 구매,포트폴리오용 합성 거래
JV2026081388,2,2026-08-15,원재료 매입,D002,V001,차변,1180,부가세대급금,691000,전자세금계산서,TAX-202608-0388,합성고무 원재료 구매,포트폴리오용 합성 거래
JV2026081388,3,2026-08-15,원재료 매입,D002,V001,대변,2110,외상매입금,7601000,전자세금계산서,TAX-202608-0388,합성고무 원재료 구매,포트폴리오용 합성 거래
JV2026081389,1,2026-08-10,운송비,D007,V005,차변,5140,운반비,1160000,전자세금계산서,TAX-202608-0389,제품 납품 운송비,포트폴리오용 합성 거래
JV2026081389,2,2026-08-10,운송비,D007,V005,차변,1180,부가세대급금,116000,전자세금계산서,TAX-202608-0389,제품 납품 운송비,포트폴리오용 합성 거래
JV2026081389,3,2026-08-10,운송비,D007,V005,대변,2120,미지급금,1276000,전자세금계산서,TAX-202608-0389,제품 납품 운송비,포트폴리오용 합성 거래
JV2026081390,1,2026-08-09,운송비,D007,V005,차변,5140,운반비,960000,전자세금계산서,TAX-202608-0390,제품 납품 운송비,포트폴리오용 합성 거래
JV2026081390,2,2026-08-09,운송비,D007,V005,차변,1180,부가세대급금,96000,전자세금계산서,TAX-202608-0390,제품 납품 운송비,포트폴리오용 합성 거래
JV2026081390,3,2026-08-09,운송비,D007,V005,대변,2120,미지급금,1056000,전자세금계산서,TAX-202608-0390,제품 납품 운송비,포트폴리오용 합성 거래
JV2026081391,1,2026-08-02,원재료 매입,D002,V002,차변,1210,원재료,2650000,전자세금계산서,TAX-202608-0391,자동차부품용 소재 매입,포트폴리오용 합성 거래
JV2026081391,2,2026-08-02,원재료 매입,D002,V002,차변,1180,부가세대급금,265000,전자세금계산서,TAX-202608-0391,자동차부품용 소재 매입,포트폴리오용 합성 거래
JV2026081391,3,2026-08-02,원재료 매입,D002,V002,대변,2110,외상매입금,2915000,전자세금계산서,TAX-202608-0391,자동차부품용 소재 매입,포트폴리오용 합성 거래
JV2026081392,1,2026-08-18,공장 전기요금,D004,V006,차변,5150,전력비,2420000,전자세금계산서,TAX-202608-0392,생산2공장 전기요금,포트폴리오용 합성 거래
JV2026081392,2,2026-08-18,공장 전기요금,D004,V006,차변,1180,부가세대급금,242000,전자세금계산서,TAX-202608-0392,생산2공장 전기요금,포트폴리오용 합성 거래
JV2026081392,3,2026-08-18,공장 전기요금,D004,V006,대변,2120,미지급금,2662000,전자세금계산서,TAX-202608-0392,생산2공장 전기요금,포트폴리오용 합성 거래
JV2026081393,1,2026-08-08,원재료 매입,D002,V001,차변,1210,원재료,4160000,전자세금계산서,TAX-202608-0393,고무 원재료 외상 매입,포트폴리오용 합성 거래
JV2026081393,2,2026-08-08,원재료 매입,D002,V001,차변,1180,부가세대급금,416000,전자세금계산서,TAX-202608-0393,고무 원재료 외상 매입,포트폴리오용 합성 거래
JV2026081393,3,2026-08-08,원재료 매입,D002,V001,대변,2110,외상매입금,4576000,전자세금계산서,TAX-202608-0393,고무 원재료 외상 매입,포트폴리오용 합성 거래
JV2026081394,1,2026-08-09,경영서비스 수수료,D001,V008,차변,5160,지급수수료,550000,전자세금계산서,TAX-202608-0394,경영관리 서비스 비용,포트폴리오용 합성 거래
JV2026081394,2,2026-08-09,경영서비스 수수료,D001,V008,차변,1180,부가세대급금,55000,전자세금계산서,TAX-202608-0394,경영관리 서비스 비용,포트폴리오용 합성 거래
JV2026081394,3,2026-08-09,경영서비스 수수료,D001,V008,대변,2120,미지급금,605000,전자세금계산서,TAX-202608-0394,경영관리 서비스 비용,포트폴리오용 합성 거래
JV2026081395,1,2026-08-18,공장 전기요금,D003,V006,차변,5150,전력비,3030000,전자세금계산서,TAX-202608-0395,생산1공장 전기요금,포트폴리오용 합성 거래
JV2026081395,2,2026-08-18,공장 전기요금,D003,V006,차변,1180,부가세대급금,303000,전자세금계산서,TAX-202608-0395,생산1공장 전기요금,포트폴리오용 합성 거래
JV2026081395,3,2026-08-18,공장 전기요금,D003,V006,대변,2120,미지급금,3333000,전자세금계산서,TAX-202608-0395,생산1공장 전기요금,포트폴리오용 합성 거래
JV2026081396,1,2026-08-30,제품 판매,D006,C002,차변,1130,외상매출금,15477000,전자세금계산서,TAX-202608-0396,고무호스 제품 외상 판매,포트폴리오용 합성 거래
JV2026081396,2,2026-08-30,제품 판매,D006,C002,대변,4110,제품매출,14070000,전자세금계산서,TAX-202608-0396,고무호스 제품 외상 판매,포트폴리오용 합성 거래
JV2026081396,3,2026-08-30,제품 판매,D006,C002,대변,2180,부가세예수금,1407000,전자세금계산서,TAX-202608-0396,고무호스 제품 외상 판매,포트폴리오용 합성 거래
JV2026081397,1,2026-08-11,산업용 소모품 구매,D005,V003,차변,5130,소모품비,930000,법인카드,CARD-202608-0397,제품 포장재 구매,포트폴리오용 합성 거래
JV2026081397,2,2026-08-11,산업용 소모품 구매,D005,V003,차변,1180,부가세대급금,93000,법인카드,CARD-202608-0397,제품 포장재 구매,포트폴리오용 합성 거래
JV2026081397,3,2026-08-11,산업용 소모품 구매,D005,V003,대변,2140,카드미지급금,1023000,법인카드,CARD-202608-0397,제품 포장재 구매,포트폴리오용 합성 거래
JV2026081398,1,2026-08-22,공장 전기요금,D004,V006,차변,5150,전력비,4820000,전자세금계산서,TAX-202608-0398,생산2공장 전기요금,포트폴리오용 합성 거래
JV2026081398,2,2026-08-22,공장 전기요금,D004,V006,차변,1180,부가세대급금,482000,전자세금계산서,TAX-202608-0398,생산2공장 전기요금,포트폴리오용 합성 거래
JV2026081398,3,2026-08-22,공장 전기요금,D004,V006,대변,2120,미지급금,5302000,전자세금계산서,TAX-202608-0398,생산2공장 전기요금,포트폴리오용 합성 거래
JV2026081400,1,2026-08-13,원재료 매입,D002,V001,차변,1210,원재료,3420000,전자세금계산서,TAX-202608-0400,고무 원재료 외상 매입,포트폴리오용 합성 거래
JV2026081400,2,2026-08-13,원재료 매입,D002,V001,차변,1180,부가세대급금,342000,전자세금계산서,TAX-202608-0400,고무 원재료 외상 매입,포트폴리오용 합성 거래
JV2026081400,3,2026-08-13,원재료 매입,D002,V001,대변,2110,외상매입금,3762000,전자세금계산서,TAX-202608-0400,고무 원재료 외상 매입,포트폴리오용 합성 거래
JV2026081401,1,2026-08-04,원재료 매입,D002,V001,차변,1210,원재료,7840000,전자세금계산서,TAX-202608-0401,합성고무 원재료 구매,포트폴리오용 합성 거래
JV2026081401,2,2026-08-04,원재료 매입,D002,V001,차변,1180,부가세대급금,784000,전자세금계산서,TAX-202608-0401,합성고무 원재료 구매,포트폴리오용 합성 거래
JV2026081401,3,2026-08-04,원재료 매입,D002,V001,대변,2110,외상매입금,8624000,전자세금계산서,TAX-202608-0401,합성고무 원재료 구매,포트폴리오용 합성 거래
JV2026081402,1,2026-08-23,원재료 매입,D002,V001,차변,1210,원재료,3870000,전자세금계산서,TAX-202608-0402,고무 원재료 외상 매입,포트폴리오용 합성 거래
JV2026081402,2,2026-08-23,원재료 매입,D002,V001,차변,1180,부가세대급금,387000,전자세금계산서,TAX-202608-0402,고무 원재료 외상 매입,포트폴리오용 합성 거래
JV2026081402,3,2026-08-23,원재료 매입,D002,V001,대변,2110,외상매입금,4257000,전자세금계산서,TAX-202608-0402,고무 원재료 외상 매입,포트폴리오용 합성 거래
JV2026081403,1,2026-08-06,운송비,D007,V005,차변,5140,운반비,560000,전자세금계산서,TAX-202608-0403,원재료 입고 운송비,포트폴리오용 합성 거래
JV2026081403,2,2026-08-06,운송비,D007,V005,차변,1180,부가세대급금,56000,전자세금계산서,TAX-202608-0403,원재료 입고 운송비,포트폴리오용 합성 거래
JV2026081403,3,2026-08-06,운송비,D007,V005,대변,2120,미지급금,616000,전자세금계산서,TAX-202608-0403,원재료 입고 운송비,포트폴리오용 합성 거래
JV2026081404,1,2026-08-03,제품 판매,D006,C001,차변,1130,외상매출금,13453000,전자세금계산서,TAX-202608-0404,방진부품 외상 판매,포트폴리오용 합성 거래
JV2026081404,2,2026-08-03,제품 판매,D006,C001,대변,4110,제품매출,12230000,전자세금계산서,TAX-202608-0404,방진부품 외상 판매,포트폴리오용 합성 거래
JV2026081404,3,2026-08-03,제품 판매,D006,C001,대변,2180,부가세예수금,1223000,전자세금계산서,TAX-202608-0404,방진부품 외상 판매,포트폴리오용 합성 거래
JV2026081405,1,2026-08-29,원재료 매입,D002,V001,차변,1210,원재료,3060000,전자세금계산서,TAX-202608-0405,고무 원재료 외상 매입,포트폴리오용 합성 거래
JV2026081405,2,2026-08-29,원재료 매입,D002,V001,차변,1180,부가세대급금,306000,전자세금계산서,TAX-202608-0405,고무 원재료 외상 매입,포트폴리오용 합성 거래
JV2026081405,3,2026-08-29,원재료 매입,D002,V001,대변,2110,외상매입금,3366000,전자세금계산서,TAX-202608-0405,고무 원재료 외상 매입,포트폴리오용 합성 거래
JV2026081406,1,2026-08-30,원재료 매입,D002,V002,차변,1210,원재료,2580000,전자세금계산서,TAX-202608-0406,고무 원재료 외상 매입,포트폴리오용 합성 거래
JV2026081406,2,2026-08-30,원재료 매입,D002,V002,차변,1180,부가세대급금,258000,전자세금계산서,TAX-202608-0406,고무 원재료 외상 매입,포트폴리오용 합성 거래
JV2026081406,3,2026-08-30,원재료 매입,D002,V002,대변,2110,외상매입금,2838000,전자세금계산서,TAX-202608-0406,고무 원재료 외상 매입,포트폴리오용 합성 거래
JV2026081407,1,2026-08-04,산업용 소모품 구매,D007,V004,차변,5130,소모품비,290000,법인카드,TAX-202608-0407,생산 작업용 장갑 구매,포트폴리오용 합성 거래
JV2026081407,2,2026-08-04,산업용 소모품 구매,D007,V004,차변,1180,부가세대급금,29000,법인카드,TAX-202608-0407,생산 작업용 장갑 구매,포트폴리오용 합성 거래
JV2026081407,3,2026-08-04,산업용 소모품 구매,D007,V004,대변,2110,외상매입금,319000,법인카드,TAX-202608-0407,생산 작업용 장갑 구매,포트폴리오용 합성 거래
JV2026081408,1,2026-08-17,운송비,D007,V005,차변,5140,운반비,1150000,전자세금계산서,TAX-202608-0408,원재료 입고 운송비,포트폴리오용 합성 거래
JV2026081408,2,2026-08-17,운송비,D007,V005,차변,1180,부가세대급금,115000,전자세금계산서,TAX-202608-0408,원재료 입고 운송비,포트폴리오용 합성 거래
JV2026081408,3,2026-08-17,운송비,D007,V005,대변,2120,미지급금,1265000,전자세금계산서,TAX-202608-0408,원재료 입고 운송비,포트폴리오용 합성 거래
JV2026081410,1,2026-08-06,제품 판매,D006,C002,차변,1130,외상매출금,6534000,전자세금계산서,TAX-202608-0410,고무호스 제품 외상 판매,포트폴리오용 합성 거래
JV2026081410,2,2026-08-06,제품 판매,D006,C002,대변,4110,제품매출,5940000,전자세금계산서,TAX-202608-0410,고무호스 제품 외상 판매,포트폴리오용 합성 거래
JV2026081410,3,2026-08-06,제품 판매,D006,C002,대변,2180,부가세예수금,594000,전자세금계산서,TAX-202608-0410,고무호스 제품 외상 판매,포트폴리오용 합성 거래
JV2026081411,1,2026-08-22,원재료 매입,D002,V001,차변,1210,원재료,7360000,전자세금계산서,TAX-202608-0411,합성고무 원재료 구매,포트폴리오용 합성 거래
JV2026081411,2,2026-08-22,원재료 매입,D002,V001,차변,1180,부가세대급금,736000,전자세금계산서,TAX-202608-0411,합성고무 원재료 구매,포트폴리오용 합성 거래
JV2026081411,3,2026-08-22,원재료 매입,D002,V001,대변,2110,외상매입금,8096000,전자세금계산서,TAX-202608-0411,합성고무 원재료 구매,포트폴리오용 합성 거래
JV2026081412,1,2026-08-08,원재료 매입,D002,V001,차변,1210,원재료,1200000,전자세금계산서,TAX-202608-0412,합성고무 원재료 구매,포트폴리오용 합성 거래
JV2026081412,2,2026-08-08,원재료 매입,D002,V001,차변,1180,부가세대급금,120000,전자세금계산서,TAX-202608-0412,합성고무 원재료 구매,포트폴리오용 합성 거래
JV2026081412,3,2026-08-08,원재료 매입,D002,V001,대변,2110,외상매입금,1320000,전자세금계산서,TAX-202608-0412,합성고무 원재료 구매,포트폴리오용 합성 거래
JV2026081413,1,2026-08-26,경영서비스 수수료,D001,V008,차변,5160,지급수수료,570000,전자세금계산서,TAX-202608-0413,업무 시스템 자문료,포트폴리오용 합성 거래
JV2026081413,2,2026-08-26,경영서비스 수수료,D001,V008,차변,1180,부가세대급금,57000,전자세금계산서,TAX-202608-0413,업무 시스템 자문료,포트폴리오용 합성 거래
JV2026081413,3,2026-08-26,경영서비스 수수료,D001,V008,대변,2120,미지급금,627000,전자세금계산서,TAX-202608-0413,업무 시스템 자문료,포트폴리오용 합성 거래
JV2026081414,1,2026-08-12,산업용 소모품 구매,D005,V004,차변,5130,소모품비,230000,법인카드,TAX-202608-0414,검사용 소모품 구매,포트폴리오용 합성 거래
JV2026081414,2,2026-08-12,산업용 소모품 구매,D005,V004,차변,1180,부가세대급금,23000,법인카드,TAX-202608-0414,검사용 소모품 구매,포트폴리오용 합성 거래
JV2026081414,3,2026-08-12,산업용 소모품 구매,D005,V004,대변,2110,외상매입금,253000,법인카드,TAX-202608-0414,검사용 소모품 구매,포트폴리오용 합성 거래
JV2026081415,1,2026-08-05,제품 판매,D006,C003,차변,1130,외상매출금,14344000,전자세금계산서,TAX-202608-0415,자동차용 고무부품 외상 판매,포트폴리오용 합성 거래
JV2026081415,2,2026-08-05,제품 판매,D006,C003,대변,4110,제품매출,13040000,전자세금계산서,TAX-202608-0415,자동차용 고무부품 외상 판매,포트폴리오용 합성 거래
JV2026081415,3,2026-08-05,제품 판매,D006,C003,대변,2180,부가세예수금,1304000,전자세금계산서,TAX-202608-0415,자동차용 고무부품 외상 판매,포트폴리오용 합성 거래
JV2026081416,1,2026-08-15,산업용 소모품 구매,D007,V004,차변,5130,소모품비,230000,법인카드,TAX-202608-0416,생산 작업용 장갑 구매,포트폴리오용 합성 거래
JV2026081416,2,2026-08-15,산업용 소모품 구매,D007,V004,차변,1180,부가세대급금,23000,법인카드,TAX-202608-0416,생산 작업용 장갑 구매,포트폴리오용 합성 거래
JV2026081416,3,2026-08-15,산업용 소모품 구매,D007,V004,대변,2110,외상매입금,253000,법인카드,TAX-202608-0416,생산 작업용 장갑 구매,포트폴리오용 합성 거래
JV2026081417,1,2026-08-20,운송비,D007,V005,차변,5140,운반비,1490000,전자세금계산서,TAX-202608-0417,제품 납품 운송비,포트폴리오용 합성 거래
JV2026081417,2,2026-08-20,운송비,D007,V005,차변,1180,부가세대급금,149000,전자세금계산서,TAX-202608-0417,제품 납품 운송비,포트폴리오용 합성 거래
JV2026081417,3,2026-08-20,운송비,D007,V005,대변,2120,미지급금,1639000,전자세금계산서,TAX-202608-0417,제품 납품 운송비,포트폴리오용 합성 거래
JV2026081418,1,2026-08-25,원재료 매입,D002,V001,차변,1210,원재료,1270000,전자세금계산서,TAX-202608-0418,자동차부품용 소재 매입,포트폴리오용 합성 거래
JV2026081418,2,2026-08-25,원재료 매입,D002,V001,차변,1180,부가세대급금,127000,전자세금계산서,TAX-202608-0418,자동차부품용 소재 매입,포트폴리오용 합성 거래
JV2026081418,3,2026-08-25,원재료 매입,D002,V001,대변,2110,외상매입금,1397000,전자세금계산서,TAX-202608-0418,자동차부품용 소재 매입,포트폴리오용 합성 거래
JV2026081419,1,2026-08-31,원재료 매입,D002,V001,차변,1210,원재료,5480000,전자세금계산서,TAX-202608-0419,고무 원재료 외상 매입,포트폴리오용 합성 거래
JV2026081419,2,2026-08-31,원재료 매입,D002,V001,차변,1180,부가세대급금,548000,전자세금계산서,TAX-202608-0419,고무 원재료 외상 매입,포트폴리오용 합성 거래
JV2026081419,3,2026-08-31,원재료 매입,D002,V001,대변,2110,외상매입금,6028000,전자세금계산서,TAX-202608-0419,고무 원재료 외상 매입,포트폴리오용 합성 거래
JV2026081420,1,2026-08-13,제품 판매,D006,C004,차변,1130,외상매출금,13398000,전자세금계산서,TAX-202608-0420,고무호스 제품 외상 판매,포트폴리오용 합성 거래
JV2026081420,2,2026-08-13,제품 판매,D006,C004,대변,4110,제품매출,12180000,전자세금계산서,TAX-202608-0420,고무호스 제품 외상 판매,포트폴리오용 합성 거래
JV2026081420,3,2026-08-13,제품 판매,D006,C004,대변,2180,부가세예수금,1218000,전자세금계산서,TAX-202608-0420,고무호스 제품 외상 판매,포트폴리오용 합성 거래
JV2026081421,1,2026-08-10,운송비,D007,V005,차변,5140,운반비,1370000,전자세금계산서,TAX-202608-0421,긴급 납품 운송비,포트폴리오용 합성 거래
JV2026081421,2,2026-08-10,운송비,D007,V005,차변,1180,부가세대급금,137000,전자세금계산서,TAX-202608-0421,긴급 납품 운송비,포트폴리오용 합성 거래
JV2026081421,3,2026-08-10,운송비,D007,V005,대변,2120,미지급금,1507000,전자세금계산서,TAX-202608-0421,긴급 납품 운송비,포트폴리오용 합성 거래
JV2026081422,1,2026-08-10,원재료 매입,D002,V002,차변,1210,원재료,4600000,전자세금계산서,TAX-202608-0422,고무 원재료 외상 매입,포트폴리오용 합성 거래
JV2026081422,2,2026-08-10,원재료 매입,D002,V002,차변,1180,부가세대급금,460000,전자세금계산서,TAX-202608-0422,고무 원재료 외상 매입,포트폴리오용 합성 거래
JV2026081422,3,2026-08-10,원재료 매입,D002,V002,대변,2110,외상매입금,5060000,전자세금계산서,TAX-202608-0422,고무 원재료 외상 매입,포트폴리오용 합성 거래
JV2026081423,1,2026-08-12,산업용 소모품 구매,D007,V004,차변,5130,소모품비,100000,법인카드,TAX-202608-0423,제품 포장재 구매,포트폴리오용 합성 거래
JV2026081423,2,2026-08-12,산업용 소모품 구매,D007,V004,차변,1180,부가세대급금,10000,법인카드,TAX-202608-0423,제품 포장재 구매,포트폴리오용 합성 거래
JV2026081423,3,2026-08-12,산업용 소모품 구매,D007,V004,대변,2110,외상매입금,110000,법인카드,TAX-202608-0423,제품 포장재 구매,포트폴리오용 합성 거래
JV2026081424,1,2026-08-11,원재료 매입,D002,V002,차변,1210,원재료,7860000,전자세금계산서,TAX-202608-0424,고무 원재료 외상 매입,포트폴리오용 합성 거래
JV2026081424,2,2026-08-11,원재료 매입,D002,V002,차변,1180,부가세대급금,786000,전자세금계산서,TAX-202608-0424,고무 원재료 외상 매입,포트폴리오용 합성 거래
JV2026081424,3,2026-08-11,원재료 매입,D002,V002,대변,2110,외상매입금,8646000,전자세금계산서,TAX-202608-0424,고무 원재료 외상 매입,포트폴리오용 합성 거래
JV2026081425,1,2026-08-17,생산설비 구매,D002,V007,차변,1510,기계장치,45680000,전자세금계산서,TAX-202608-0425,생산설비 구매,포트폴리오용 합성 거래
JV2026081425,2,2026-08-17,생산설비 구매,D002,V007,차변,1180,부가세대급금,4568000,전자세금계산서,TAX-202608-0425,생산설비 구매,포트폴리오용 합성 거래
JV2026081425,3,2026-08-17,생산설비 구매,D002,V007,대변,2120,미지급금,50248000,전자세금계산서,TAX-202608-0425,생산설비 구매,포트폴리오용 합성 거래
JV2026081426,1,2026-08-15,경영서비스 수수료,D001,V008,차변,5160,지급수수료,1830000,전자세금계산서,TAX-202608-0426,업무 시스템 자문료,포트폴리오용 합성 거래
JV2026081426,2,2026-08-15,경영서비스 수수료,D001,V008,차변,1180,부가세대급금,183000,전자세금계산서,TAX-202608-0426,업무 시스템 자문료,포트폴리오용 합성 거래
JV2026081426,3,2026-08-15,경영서비스 수수료,D001,V008,대변,2120,미지급금,2013000,전자세금계산서,TAX-202608-0426,업무 시스템 자문료,포트폴리오용 합성 거래
JV2026081427,1,2026-08-14,원재료 매입,D002,V001,차변,1210,원재료,7410000,전자세금계산서,TAX-202608-0427,합성고무 원재료 구매,포트폴리오용 합성 거래
JV2026081427,2,2026-08-14,원재료 매입,D002,V001,차변,1180,부가세대급금,741000,전자세금계산서,TAX-202608-0427,합성고무 원재료 구매,포트폴리오용 합성 거래
JV2026081427,3,2026-08-14,원재료 매입,D002,V001,대변,2110,외상매입금,8151000,전자세금계산서,TAX-202608-0427,합성고무 원재료 구매,포트폴리오용 합성 거래
JV2026081428,1,2026-08-29,원재료 매입,D002,V001,차변,1210,원재료,1000000,전자세금계산서,TAX-202608-0428,합성고무 원재료 구매,포트폴리오용 합성 거래
JV2026081428,2,2026-08-29,원재료 매입,D002,V001,차변,1180,부가세대급금,100000,전자세금계산서,TAX-202608-0428,합성고무 원재료 구매,포트폴리오용 합성 거래
JV2026081428,3,2026-08-29,원재료 매입,D002,V001,대변,2110,외상매입금,1100000,전자세금계산서,TAX-202608-0428,합성고무 원재료 구매,포트폴리오용 합성 거래
JV2026081429,1,2026-08-21,원재료 매입,D002,V002,차변,1210,원재료,1580000,전자세금계산서,TAX-202608-0429,고무 원재료 외상 매입,포트폴리오용 합성 거래
JV2026081429,2,2026-08-21,원재료 매입,D002,V002,차변,1180,부가세대급금,158000,전자세금계산서,TAX-202608-0429,고무 원재료 외상 매입,포트폴리오용 합성 거래
JV2026081429,3,2026-08-21,원재료 매입,D002,V002,대변,2110,외상매입금,1738000,전자세금계산서,TAX-202608-0429,고무 원재료 외상 매입,포트폴리오용 합성 거래
JV2026081430,1,2026-08-12,산업용 소모품 구매,D005,V003,차변,5130,소모품비,290000,법인카드,CARD-202608-0430,검사용 소모품 구매,포트폴리오용 합성 거래
JV2026081430,2,2026-08-12,산업용 소모품 구매,D005,V003,차변,1180,부가세대급금,29000,법인카드,CARD-202608-0430,검사용 소모품 구매,포트폴리오용 합성 거래
JV2026081430,3,2026-08-12,산업용 소모품 구매,D005,V003,대변,2140,카드미지급금,319000,법인카드,CARD-202608-0430,검사용 소모품 구매,포트폴리오용 합성 거래
JV2026081431,1,2026-08-11,제품 판매,D006,C004,차변,1130,외상매출금,4675000,전자세금계산서,TAX-202608-0431,방진부품 외상 판매,포트폴리오용 합성 거래
JV2026081431,2,2026-08-11,제품 판매,D006,C004,대변,4110,제품매출,4250000,전자세금계산서,TAX-202608-0431,방진부품 외상 판매,포트폴리오용 합성 거래
JV2026081431,3,2026-08-11,제품 판매,D006,C004,대변,2180,부가세예수금,425000,전자세금계산서,TAX-202608-0431,방진부품 외상 판매,포트폴리오용 합성 거래
JV2026081432,1,2026-08-25,제품 판매,D006,C002,차변,1130,외상매출금,14982000,전자세금계산서,TAX-202608-0432,자동차용 고무부품 외상 판매,포트폴리오용 합성 거래
JV2026081432,2,2026-08-25,제품 판매,D006,C002,대변,4110,제품매출,13620000,전자세금계산서,TAX-202608-0432,자동차용 고무부품 외상 판매,포트폴리오용 합성 거래
JV2026081432,3,2026-08-25,제품 판매,D006,C002,대변,2180,부가세예수금,1362000,전자세금계산서,TAX-202608-0432,자동차용 고무부품 외상 판매,포트폴리오용 합성 거래
JV2026081433,1,2026-08-11,운송비,D007,V005,차변,5140,운반비,570000,전자세금계산서,TAX-202608-0433,긴급 납품 운송비,포트폴리오용 합성 거래
JV2026081433,2,2026-08-11,운송비,D007,V005,차변,1180,부가세대급금,57000,전자세금계산서,TAX-202608-0433,긴급 납품 운송비,포트폴리오용 합성 거래
JV2026081433,3,2026-08-11,운송비,D007,V005,대변,2120,미지급금,627000,전자세금계산서,TAX-202608-0433,긴급 납품 운송비,포트폴리오용 합성 거래
JV2026081434,1,2026-08-13,원재료 매입,D002,V002,차변,1210,원재료,4070000,전자세금계산서,TAX-202608-0434,합성고무 원재료 구매,포트폴리오용 합성 거래
JV2026081434,2,2026-08-13,원재료 매입,D002,V002,차변,1180,부가세대급금,407000,전자세금계산서,TAX-202608-0434,합성고무 원재료 구매,포트폴리오용 합성 거래
JV2026081434,3,2026-08-13,원재료 매입,D002,V002,대변,2110,외상매입금,4477000,전자세금계산서,TAX-202608-0434,합성고무 원재료 구매,포트폴리오용 합성 거래
JV2026081435,1,2026-08-28,경영서비스 수수료,D001,V008,차변,5160,지급수수료,1680000,전자세금계산서,TAX-202608-0435,경영관리 서비스 비용,포트폴리오용 합성 거래
JV2026081435,2,2026-08-28,경영서비스 수수료,D001,V008,차변,1180,부가세대급금,168000,전자세금계산서,TAX-202608-0435,경영관리 서비스 비용,포트폴리오용 합성 거래
JV2026081435,3,2026-08-28,경영서비스 수수료,D001,V008,대변,2120,미지급금,1848000,전자세금계산서,TAX-202608-0435,경영관리 서비스 비용,포트폴리오용 합성 거래
JV2026081436,1,2026-08-23,원재료 매입,D002,V001,차변,1210,원재료,7680000,전자세금계산서,TAX-202608-0436,고무 원재료 외상 매입,포트폴리오용 합성 거래
JV2026081436,2,2026-08-23,원재료 매입,D002,V001,차변,1180,부가세대급금,768000,전자세금계산서,TAX-202608-0436,고무 원재료 외상 매입,포트폴리오용 합성 거래
JV2026081436,3,2026-08-23,원재료 매입,D002,V001,대변,2110,외상매입금,8448000,전자세금계산서,TAX-202608-0436,고무 원재료 외상 매입,포트폴리오용 합성 거래
JV2026081437,1,2026-08-15,산업용 소모품 구매,D005,V003,차변,5130,소모품비,430000,법인카드,CARD-202608-0437,검사용 소모품 구매,포트폴리오용 합성 거래
JV2026081437,2,2026-08-15,산업용 소모품 구매,D005,V003,차변,1180,부가세대급금,43000,법인카드,CARD-202608-0437,검사용 소모품 구매,포트폴리오용 합성 거래
JV2026081437,3,2026-08-15,산업용 소모품 구매,D005,V003,대변,2140,카드미지급금,473000,법인카드,CARD-202608-0437,검사용 소모품 구매,포트폴리오용 합성 거래
JV2026081438,1,2026-08-26,생산설비 구매,D002,V007,차변,1510,기계장치,34740000,전자세금계산서,TAX-202608-0438,공정 자동화 장비 구매,포트폴리오용 합성 거래
JV2026081438,2,2026-08-26,생산설비 구매,D002,V007,차변,1180,부가세대급금,3474000,전자세금계산서,TAX-202608-0438,공정 자동화 장비 구매,포트폴리오용 합성 거래
JV2026081438,3,2026-08-26,생산설비 구매,D002,V007,대변,2120,미지급금,38214000,전자세금계산서,TAX-202608-0438,공정 자동화 장비 구매,포트폴리오용 합성 거래
JV2026081439,1,2026-08-18,생산설비 구매,D002,V007,차변,1510,기계장치,42160000,전자세금계산서,TAX-202608-0439,품질검사 설비 구매,포트폴리오용 합성 거래
JV2026081439,2,2026-08-18,생산설비 구매,D002,V007,차변,1180,부가세대급금,4216000,전자세금계산서,TAX-202608-0439,품질검사 설비 구매,포트폴리오용 합성 거래
JV2026081439,3,2026-08-18,생산설비 구매,D002,V007,대변,2120,미지급금,46376000,전자세금계산서,TAX-202608-0439,품질검사 설비 구매,포트폴리오용 합성 거래
JV2026081440,1,2026-08-17,제품 판매,D006,C003,차변,1130,외상매출금,9757000,전자세금계산서,TAX-202608-0440,고무호스 제품 외상 판매,포트폴리오용 합성 거래
JV2026081440,2,2026-08-17,제품 판매,D006,C003,대변,4110,제품매출,8870000,전자세금계산서,TAX-202608-0440,고무호스 제품 외상 판매,포트폴리오용 합성 거래
JV2026081440,3,2026-08-17,제품 판매,D006,C003,대변,2180,부가세예수금,887000,전자세금계산서,TAX-202608-0440,고무호스 제품 외상 판매,포트폴리오용 합성 거래
JV2026081442,1,2026-08-21,원재료 매입,D002,V002,차변,1210,원재료,4030000,전자세금계산서,TAX-202608-0442,합성고무 원재료 구매,포트폴리오용 합성 거래
JV2026081442,2,2026-08-21,원재료 매입,D002,V002,차변,1180,부가세대급금,403000,전자세금계산서,TAX-202608-0442,합성고무 원재료 구매,포트폴리오용 합성 거래
JV2026081442,3,2026-08-21,원재료 매입,D002,V002,대변,2110,외상매입금,4433000,전자세금계산서,TAX-202608-0442,합성고무 원재료 구매,포트폴리오용 합성 거래
JV2026081445,1,2026-08-13,제품 판매,D006,C001,차변,1130,외상매출금,9724000,전자세금계산서,TAX-202608-0445,고무호스 제품 외상 판매,포트폴리오용 합성 거래
JV2026081445,2,2026-08-13,제품 판매,D006,C001,대변,4110,제품매출,8840000,전자세금계산서,TAX-202608-0445,고무호스 제품 외상 판매,포트폴리오용 합성 거래
JV2026081445,3,2026-08-13,제품 판매,D006,C001,대변,2180,부가세예수금,884000,전자세금계산서,TAX-202608-0445,고무호스 제품 외상 판매,포트폴리오용 합성 거래
JV2026081446,1,2026-08-11,원재료 매입,D002,V001,차변,1210,원재료,4230000,전자세금계산서,TAX-202608-0446,고무 원재료 외상 매입,포트폴리오용 합성 거래
JV2026081446,2,2026-08-11,원재료 매입,D002,V001,차변,1180,부가세대급금,423000,전자세금계산서,TAX-202608-0446,고무 원재료 외상 매입,포트폴리오용 합성 거래
JV2026081446,3,2026-08-11,원재료 매입,D002,V001,대변,2110,외상매입금,4653000,전자세금계산서,TAX-202608-0446,고무 원재료 외상 매입,포트폴리오용 합성 거래
JV2026081447,1,2026-08-14,생산설비 구매,D002,V007,차변,1510,기계장치,26670000,전자세금계산서,TAX-202608-0447,품질검사 설비 구매,포트폴리오용 합성 거래
JV2026081447,2,2026-08-14,생산설비 구매,D002,V007,차변,1180,부가세대급금,2667000,전자세금계산서,TAX-202608-0447,품질검사 설비 구매,포트폴리오용 합성 거래
JV2026081447,3,2026-08-14,생산설비 구매,D002,V007,대변,2120,미지급금,29337000,전자세금계산서,TAX-202608-0447,품질검사 설비 구매,포트폴리오용 합성 거래
JV2026081448,1,2026-08-02,생산설비 구매,D002,V007,차변,1510,기계장치,46650000,전자세금계산서,TAX-202608-0448,품질검사 설비 구매,포트폴리오용 합성 거래
JV2026081448,2,2026-08-02,생산설비 구매,D002,V007,차변,1180,부가세대급금,4665000,전자세금계산서,TAX-202608-0448,품질검사 설비 구매,포트폴리오용 합성 거래
JV2026081448,3,2026-08-02,생산설비 구매,D002,V007,대변,2120,미지급금,51315000,전자세금계산서,TAX-202608-0448,품질검사 설비 구매,포트폴리오용 합성 거래
JV2026081449,1,2026-08-13,제품 판매,D006,C003,차변,1130,외상매출금,18194000,전자세금계산서,TAX-202608-0449,방진부품 외상 판매,포트폴리오용 합성 거래
JV2026081449,2,2026-08-13,제품 판매,D006,C003,대변,4110,제품매출,16540000,전자세금계산서,TAX-202608-0449,방진부품 외상 판매,포트폴리오용 합성 거래
JV2026081449,3,2026-08-13,제품 판매,D006,C003,대변,2180,부가세예수금,1654000,전자세금계산서,TAX-202608-0449,방진부품 외상 판매,포트폴리오용 합성 거래
JV2026081450,1,2026-08-25,산업용 소모품 구매,D004,V004,차변,5130,소모품비,940000,법인카드,TAX-202608-0450,제품 포장재 구매,포트폴리오용 합성 거래
JV2026081450,2,2026-08-25,산업용 소모품 구매,D004,V004,차변,1180,부가세대급금,94000,법인카드,TAX-202608-0450,제품 포장재 구매,포트폴리오용 합성 거래
JV2026081450,3,2026-08-25,산업용 소모품 구매,D004,V004,대변,2110,외상매입금,1034000,법인카드,TAX-202608-0450,제품 포장재 구매,포트폴리오용 합성 거래
JV2026081451,1,2026-08-15,산업용 소모품 구매,D004,V004,차변,5130,소모품비,300000,법인카드,TAX-202608-0451,제품 포장재 구매,포트폴리오용 합성 거래
JV2026081451,2,2026-08-15,산업용 소모품 구매,D004,V004,차변,1180,부가세대급금,30000,법인카드,TAX-202608-0451,제품 포장재 구매,포트폴리오용 합성 거래
JV2026081451,3,2026-08-15,산업용 소모품 구매,D004,V004,대변,2110,외상매입금,330000,법인카드,TAX-202608-0451,제품 포장재 구매,포트폴리오용 합성 거래
JV2026081452,1,2026-08-17,산업용 소모품 구매,D003,V003,차변,5130,소모품비,440000,법인카드,CARD-202608-0452,생산 작업용 장갑 구매,포트폴리오용 합성 거래
JV2026081452,2,2026-08-17,산업용 소모품 구매,D003,V003,차변,1180,부가세대급금,44000,법인카드,CARD-202608-0452,생산 작업용 장갑 구매,포트폴리오용 합성 거래
JV2026081452,3,2026-08-17,산업용 소모품 구매,D003,V003,대변,2140,카드미지급금,484000,법인카드,CARD-202608-0452,생산 작업용 장갑 구매,포트폴리오용 합성 거래
JV2026081453,1,2026-08-03,원재료 매입,D002,V002,차변,1210,원재료,7210000,전자세금계산서,TAX-202608-0453,자동차부품용 소재 매입,포트폴리오용 합성 거래
JV2026081453,2,2026-08-03,원재료 매입,D002,V002,차변,1180,부가세대급금,721000,전자세금계산서,TAX-202608-0453,자동차부품용 소재 매입,포트폴리오용 합성 거래
JV2026081453,3,2026-08-03,원재료 매입,D002,V002,대변,2110,외상매입금,7931000,전자세금계산서,TAX-202608-0453,자동차부품용 소재 매입,포트폴리오용 합성 거래
JV2026081454,1,2026-08-09,공장 전기요금,D004,V006,차변,5150,전력비,1020000,전자세금계산서,TAX-202608-0454,생산2공장 전기요금,포트폴리오용 합성 거래
JV2026081454,2,2026-08-09,공장 전기요금,D004,V006,차변,1180,부가세대급금,102000,전자세금계산서,TAX-202608-0454,생산2공장 전기요금,포트폴리오용 합성 거래
JV2026081454,3,2026-08-09,공장 전기요금,D004,V006,대변,2120,미지급금,1122000,전자세금계산서,TAX-202608-0454,생산2공장 전기요금,포트폴리오용 합성 거래
JV2026081455,1,2026-08-06,운송비,D007,V005,차변,5140,운반비,1360000,전자세금계산서,TAX-202608-0455,원재료 입고 운송비,포트폴리오용 합성 거래
JV2026081455,2,2026-08-06,운송비,D007,V005,차변,1180,부가세대급금,136000,전자세금계산서,TAX-202608-0455,원재료 입고 운송비,포트폴리오용 합성 거래
JV2026081455,3,2026-08-06,운송비,D007,V005,대변,2120,미지급금,1496000,전자세금계산서,TAX-202608-0455,원재료 입고 운송비,포트폴리오용 합성 거래
JV2026081456,1,2026-08-05,제품 판매,D006,C001,차변,1130,외상매출금,6633000,전자세금계산서,TAX-202608-0456,고무호스 제품 외상 판매,포트폴리오용 합성 거래
JV2026081456,2,2026-08-05,제품 판매,D006,C001,대변,4110,제품매출,6030000,전자세금계산서,TAX-202608-0456,고무호스 제품 외상 판매,포트폴리오용 합성 거래
JV2026081456,3,2026-08-05,제품 판매,D006,C001,대변,2180,부가세예수금,603000,전자세금계산서,TAX-202608-0456,고무호스 제품 외상 판매,포트폴리오용 합성 거래
JV2026081457,1,2026-08-11,공장 전기요금,D004,V006,차변,5150,전력비,4420000,전자세금계산서,TAX-202608-0457,공장 설비 전력 사용료,포트폴리오용 합성 거래
JV2026081457,2,2026-08-11,공장 전기요금,D004,V006,차변,1180,부가세대급금,442000,전자세금계산서,TAX-202608-0457,공장 설비 전력 사용료,포트폴리오용 합성 거래
JV2026081457,3,2026-08-11,공장 전기요금,D004,V006,대변,2120,미지급금,4862000,전자세금계산서,TAX-202608-0457,공장 설비 전력 사용료,포트폴리오용 합성 거래
JV2026081458,1,2026-08-27,제품 판매,D006,C002,차변,1130,외상매출금,7986000,전자세금계산서,TAX-202608-0458,고무호스 제품 외상 판매,포트폴리오용 합성 거래
JV2026081458,2,2026-08-27,제품 판매,D006,C002,대변,4110,제품매출,7260000,전자세금계산서,TAX-202608-0458,고무호스 제품 외상 판매,포트폴리오용 합성 거래
JV2026081458,3,2026-08-27,제품 판매,D006,C002,대변,2180,부가세예수금,726000,전자세금계산서,TAX-202608-0458,고무호스 제품 외상 판매,포트폴리오용 합성 거래
JV2026081459,1,2026-08-23,원재료 매입,D002,V001,차변,1210,원재료,4350000,전자세금계산서,TAX-202608-0459,자동차부품용 소재 매입,포트폴리오용 합성 거래
JV2026081459,2,2026-08-23,원재료 매입,D002,V001,차변,1180,부가세대급금,435000,전자세금계산서,TAX-202608-0459,자동차부품용 소재 매입,포트폴리오용 합성 거래
JV2026081459,3,2026-08-23,원재료 매입,D002,V001,대변,2110,외상매입금,4785000,전자세금계산서,TAX-202608-0459,자동차부품용 소재 매입,포트폴리오용 합성 거래
JV2026081460,1,2026-08-25,공장 전기요금,D004,V006,차변,5150,전력비,3910000,전자세금계산서,TAX-202608-0460,공장 설비 전력 사용료,포트폴리오용 합성 거래
JV2026081460,2,2026-08-25,공장 전기요금,D004,V006,차변,1180,부가세대급금,391000,전자세금계산서,TAX-202608-0460,공장 설비 전력 사용료,포트폴리오용 합성 거래
JV2026081460,3,2026-08-25,공장 전기요금,D004,V006,대변,2120,미지급금,4301000,전자세금계산서,TAX-202608-0460,공장 설비 전력 사용료,포트폴리오용 합성 거래
JV2026081462,1,2026-08-04,산업용 소모품 구매,D004,V004,차변,5130,소모품비,610000,법인카드,TAX-202608-0462,생산 작업용 장갑 구매,포트폴리오용 합성 거래
JV2026081462,2,2026-08-04,산업용 소모품 구매,D004,V004,차변,1180,부가세대급금,61000,법인카드,TAX-202608-0462,생산 작업용 장갑 구매,포트폴리오용 합성 거래
JV2026081462,3,2026-08-04,산업용 소모품 구매,D004,V004,대변,2110,외상매입금,671000,법인카드,TAX-202608-0462,생산 작업용 장갑 구매,포트폴리오용 합성 거래
JV2026081464,1,2026-08-04,운송비,D007,V005,차변,5140,운반비,210000,전자세금계산서,TAX-202608-0464,원재료 입고 운송비,포트폴리오용 합성 거래
JV2026081464,2,2026-08-04,운송비,D007,V005,차변,1180,부가세대급금,21000,전자세금계산서,TAX-202608-0464,원재료 입고 운송비,포트폴리오용 합성 거래
JV2026081464,3,2026-08-04,운송비,D007,V005,대변,2120,미지급금,231000,전자세금계산서,TAX-202608-0464,원재료 입고 운송비,포트폴리오용 합성 거래
JV2026081465,1,2026-08-25,원재료 매입,D002,V002,차변,1210,원재료,4490000,전자세금계산서,TAX-202608-0465,합성고무 원재료 구매,포트폴리오용 합성 거래
JV2026081465,2,2026-08-25,원재료 매입,D002,V002,차변,1180,부가세대급금,449000,전자세금계산서,TAX-202608-0465,합성고무 원재료 구매,포트폴리오용 합성 거래
JV2026081465,3,2026-08-25,원재료 매입,D002,V002,대변,2110,외상매입금,4939000,전자세금계산서,TAX-202608-0465,합성고무 원재료 구매,포트폴리오용 합성 거래
JV2026081466,1,2026-08-07,원재료 매입,D002,V001,차변,1210,원재료,2580000,전자세금계산서,TAX-202608-0466,합성고무 원재료 구매,포트폴리오용 합성 거래
JV2026081466,2,2026-08-07,원재료 매입,D002,V001,차변,1180,부가세대급금,258000,전자세금계산서,TAX-202608-0466,합성고무 원재료 구매,포트폴리오용 합성 거래
JV2026081466,3,2026-08-07,원재료 매입,D002,V001,대변,2110,외상매입금,2838000,전자세금계산서,TAX-202608-0466,합성고무 원재료 구매,포트폴리오용 합성 거래
JV2026081467,1,2026-08-10,경영서비스 수수료,D001,V008,차변,5160,지급수수료,2380000,전자세금계산서,TAX-202608-0467,회계 자문 수수료,포트폴리오용 합성 거래
JV2026081467,2,2026-08-10,경영서비스 수수료,D001,V008,차변,1180,부가세대급금,238000,전자세금계산서,TAX-202608-0467,회계 자문 수수료,포트폴리오용 합성 거래
JV2026081467,3,2026-08-10,경영서비스 수수료,D001,V008,대변,2120,미지급금,2618000,전자세금계산서,TAX-202608-0467,회계 자문 수수료,포트폴리오용 합성 거래
JV2026081468,1,2026-08-07,원재료 매입,D002,V002,차변,1210,원재료,4840000,전자세금계산서,TAX-202608-0468,합성고무 원재료 구매,포트폴리오용 합성 거래
JV2026081468,2,2026-08-07,원재료 매입,D002,V002,차변,1180,부가세대급금,484000,전자세금계산서,TAX-202608-0468,합성고무 원재료 구매,포트폴리오용 합성 거래
JV2026081468,3,2026-08-07,원재료 매입,D002,V002,대변,2110,외상매입금,5324000,전자세금계산서,TAX-202608-0468,합성고무 원재료 구매,포트폴리오용 합성 거래
JV2026081469,1,2026-08-27,산업용 소모품 구매,D004,V003,차변,5130,소모품비,220000,법인카드,CARD-202608-0469,제품 포장재 구매,포트폴리오용 합성 거래
JV2026081469,2,2026-08-27,산업용 소모품 구매,D004,V003,차변,1180,부가세대급금,22000,법인카드,CARD-202608-0469,제품 포장재 구매,포트폴리오용 합성 거래
JV2026081469,3,2026-08-27,산업용 소모품 구매,D004,V003,대변,2140,카드미지급금,242000,법인카드,CARD-202608-0469,제품 포장재 구매,포트폴리오용 합성 거래
JV2026081471,1,2026-08-10,원재료 매입,D002,V001,차변,1210,원재료,4770000,전자세금계산서,TAX-202608-0471,자동차부품용 소재 매입,포트폴리오용 합성 거래
JV2026081471,2,2026-08-10,원재료 매입,D002,V001,차변,1180,부가세대급금,477000,전자세금계산서,TAX-202608-0471,자동차부품용 소재 매입,포트폴리오용 합성 거래
JV2026081471,3,2026-08-10,원재료 매입,D002,V001,대변,2110,외상매입금,5247000,전자세금계산서,TAX-202608-0471,자동차부품용 소재 매입,포트폴리오용 합성 거래
JV2026081473,1,2026-08-24,원재료 매입,D002,V001,차변,1210,원재료,6300000,전자세금계산서,TAX-202608-0473,합성고무 원재료 구매,포트폴리오용 합성 거래
JV2026081473,2,2026-08-24,원재료 매입,D002,V001,차변,1180,부가세대급금,630000,전자세금계산서,TAX-202608-0473,합성고무 원재료 구매,포트폴리오용 합성 거래
JV2026081473,3,2026-08-24,원재료 매입,D002,V001,대변,2110,외상매입금,6930000,전자세금계산서,TAX-202608-0473,합성고무 원재료 구매,포트폴리오용 합성 거래
JV2026081474,1,2026-08-25,제품 판매,D006,C003,차변,1130,외상매출금,4895000,전자세금계산서,TAX-202608-0474,자동차용 씰링부품 외상 판매,포트폴리오용 합성 거래
JV2026081474,2,2026-08-25,제품 판매,D006,C003,대변,4110,제품매출,4450000,전자세금계산서,TAX-202608-0474,자동차용 씰링부품 외상 판매,포트폴리오용 합성 거래
JV2026081474,3,2026-08-25,제품 판매,D006,C003,대변,2180,부가세예수금,445000,전자세금계산서,TAX-202608-0474,자동차용 씰링부품 외상 판매,포트폴리오용 합성 거래
JV2026081475,1,2026-08-23,제품 판매,D006,C002,차변,1130,외상매출금,5951000,전자세금계산서,TAX-202608-0475,자동차용 고무부품 외상 판매,포트폴리오용 합성 거래
JV2026081475,2,2026-08-23,제품 판매,D006,C002,대변,4110,제품매출,5410000,전자세금계산서,TAX-202608-0475,자동차용 고무부품 외상 판매,포트폴리오용 합성 거래
JV2026081475,3,2026-08-23,제품 판매,D006,C002,대변,2180,부가세예수금,541000,전자세금계산서,TAX-202608-0475,자동차용 고무부품 외상 판매,포트폴리오용 합성 거래
JV2026081477,1,2026-08-17,운송비,D007,V005,차변,5140,운반비,560000,전자세금계산서,TAX-202608-0477,제품 납품 운송비,포트폴리오용 합성 거래
JV2026081477,2,2026-08-17,운송비,D007,V005,차변,1180,부가세대급금,56000,전자세금계산서,TAX-202608-0477,제품 납품 운송비,포트폴리오용 합성 거래
JV2026081477,3,2026-08-17,운송비,D007,V005,대변,2120,미지급금,616000,전자세금계산서,TAX-202608-0477,제품 납품 운송비,포트폴리오용 합성 거래
JV2026081478,1,2026-08-11,공장 전기요금,D004,V006,차변,5150,전력비,2370000,전자세금계산서,TAX-202608-0478,공장 설비 전력 사용료,포트폴리오용 합성 거래
JV2026081478,2,2026-08-11,공장 전기요금,D004,V006,차변,1180,부가세대급금,237000,전자세금계산서,TAX-202608-0478,공장 설비 전력 사용료,포트폴리오용 합성 거래
JV2026081478,3,2026-08-11,공장 전기요금,D004,V006,대변,2120,미지급금,2607000,전자세금계산서,TAX-202608-0478,공장 설비 전력 사용료,포트폴리오용 합성 거래
JV2026081479,1,2026-08-25,원재료 매입,D002,V001,차변,1210,원재료,3530000,전자세금계산서,TAX-202608-0479,고무 원재료 외상 매입,포트폴리오용 합성 거래
JV2026081479,2,2026-08-25,원재료 매입,D002,V001,차변,1180,부가세대급금,353000,전자세금계산서,TAX-202608-0479,고무 원재료 외상 매입,포트폴리오용 합성 거래
JV2026081479,3,2026-08-25,원재료 매입,D002,V001,대변,2110,외상매입금,3883000,전자세금계산서,TAX-202608-0479,고무 원재료 외상 매입,포트폴리오용 합성 거래
JV2026081480,1,2026-08-07,원재료 매입,D002,V002,차변,1210,원재료,6960000,전자세금계산서,TAX-202608-0480,자동차부품용 소재 매입,포트폴리오용 합성 거래
JV2026081480,2,2026-08-07,원재료 매입,D002,V002,차변,1180,부가세대급금,696000,전자세금계산서,TAX-202608-0480,자동차부품용 소재 매입,포트폴리오용 합성 거래
JV2026081480,3,2026-08-07,원재료 매입,D002,V002,대변,2110,외상매입금,7656000,전자세금계산서,TAX-202608-0480,자동차부품용 소재 매입,포트폴리오용 합성 거래
JV2026081481,1,2026-08-22,생산설비 구매,D002,V007,차변,1510,기계장치,36840000,전자세금계산서,TAX-202608-0481,품질검사 설비 구매,포트폴리오용 합성 거래
JV2026081481,2,2026-08-22,생산설비 구매,D002,V007,차변,1180,부가세대급금,3684000,전자세금계산서,TAX-202608-0481,품질검사 설비 구매,포트폴리오용 합성 거래
JV2026081481,3,2026-08-22,생산설비 구매,D002,V007,대변,2120,미지급금,40524000,전자세금계산서,TAX-202608-0481,품질검사 설비 구매,포트폴리오용 합성 거래
JV2026081482,1,2026-08-11,경영서비스 수수료,D001,V008,차변,5160,지급수수료,2800000,전자세금계산서,TAX-202608-0482,회계 자문 수수료,포트폴리오용 합성 거래
JV2026081482,2,2026-08-11,경영서비스 수수료,D001,V008,차변,1180,부가세대급금,280000,전자세금계산서,TAX-202608-0482,회계 자문 수수료,포트폴리오용 합성 거래
JV2026081482,3,2026-08-11,경영서비스 수수료,D001,V008,대변,2120,미지급금,3080000,전자세금계산서,TAX-202608-0482,회계 자문 수수료,포트폴리오용 합성 거래
JV2026081483,1,2026-08-26,산업용 소모품 구매,D005,V004,차변,5130,소모품비,510000,법인카드,TAX-202608-0483,현장 안전용품 구매,포트폴리오용 합성 거래
JV2026081483,2,2026-08-26,산업용 소모품 구매,D005,V004,차변,1180,부가세대급금,51000,법인카드,TAX-202608-0483,현장 안전용품 구매,포트폴리오용 합성 거래
JV2026081483,3,2026-08-26,산업용 소모품 구매,D005,V004,대변,2110,외상매입금,561000,법인카드,TAX-202608-0483,현장 안전용품 구매,포트폴리오용 합성 거래
JV2026081484,1,2026-08-04,제품 판매,D006,C001,차변,1130,외상매출금,11473000,전자세금계산서,TAX-202608-0484,자동차용 씰링부품 외상 판매,포트폴리오용 합성 거래
JV2026081484,2,2026-08-04,제품 판매,D006,C001,대변,4110,제품매출,10430000,전자세금계산서,TAX-202608-0484,자동차용 씰링부품 외상 판매,포트폴리오용 합성 거래
JV2026081484,3,2026-08-04,제품 판매,D006,C001,대변,2180,부가세예수금,1043000,전자세금계산서,TAX-202608-0484,자동차용 씰링부품 외상 판매,포트폴리오용 합성 거래
JV2026081485,1,2026-08-09,공장 전기요금,D004,V006,차변,5150,전력비,2350000,전자세금계산서,TAX-202608-0485,공장 설비 전력 사용료,포트폴리오용 합성 거래
JV2026081485,2,2026-08-09,공장 전기요금,D004,V006,차변,1180,부가세대급금,235000,전자세금계산서,TAX-202608-0485,공장 설비 전력 사용료,포트폴리오용 합성 거래
JV2026081485,3,2026-08-09,공장 전기요금,D004,V006,대변,2120,미지급금,2585000,전자세금계산서,TAX-202608-0485,공장 설비 전력 사용료,포트폴리오용 합성 거래
JV2026081486,1,2026-08-04,산업용 소모품 구매,D003,V004,차변,5130,소모품비,220000,법인카드,TAX-202608-0486,제품 포장재 구매,포트폴리오용 합성 거래
JV2026081486,2,2026-08-04,산업용 소모품 구매,D003,V004,차변,1180,부가세대급금,22000,법인카드,TAX-202608-0486,제품 포장재 구매,포트폴리오용 합성 거래
JV2026081486,3,2026-08-04,산업용 소모품 구매,D003,V004,대변,2110,외상매입금,242000,법인카드,TAX-202608-0486,제품 포장재 구매,포트폴리오용 합성 거래
JV2026081487,1,2026-08-28,운송비,D007,V005,차변,5140,운반비,240000,전자세금계산서,TAX-202608-0487,원재료 입고 운송비,포트폴리오용 합성 거래
JV2026081487,2,2026-08-28,운송비,D007,V005,차변,1180,부가세대급금,24000,전자세금계산서,TAX-202608-0487,원재료 입고 운송비,포트폴리오용 합성 거래
JV2026081487,3,2026-08-28,운송비,D007,V005,대변,2120,미지급금,264000,전자세금계산서,TAX-202608-0487,원재료 입고 운송비,포트폴리오용 합성 거래
JV2026081488,1,2026-08-08,원재료 매입,D002,V002,차변,1210,원재료,3290000,전자세금계산서,TAX-202608-0488,고무 원재료 외상 매입,포트폴리오용 합성 거래
JV2026081488,2,2026-08-08,원재료 매입,D002,V002,차변,1180,부가세대급금,329000,전자세금계산서,TAX-202608-0488,고무 원재료 외상 매입,포트폴리오용 합성 거래
JV2026081488,3,2026-08-08,원재료 매입,D002,V002,대변,2110,외상매입금,3619000,전자세금계산서,TAX-202608-0488,고무 원재료 외상 매입,포트폴리오용 합성 거래
JV2026081490,1,2026-08-06,운송비,D007,V005,차변,5140,운반비,1490000,전자세금계산서,TAX-202608-0490,원재료 입고 운송비,포트폴리오용 합성 거래
JV2026081490,2,2026-08-06,운송비,D007,V005,차변,1180,부가세대급금,149000,전자세금계산서,TAX-202608-0490,원재료 입고 운송비,포트폴리오용 합성 거래
JV2026081490,3,2026-08-06,운송비,D007,V005,대변,2120,미지급금,1639000,전자세금계산서,TAX-202608-0490,원재료 입고 운송비,포트폴리오용 합성 거래
JV2026081491,1,2026-08-17,제품 판매,D006,C002,차변,1130,외상매출금,7183000,전자세금계산서,TAX-202608-0491,자동차용 씰링부품 외상 판매,포트폴리오용 합성 거래
JV2026081491,2,2026-08-17,제품 판매,D006,C002,대변,4110,제품매출,6530000,전자세금계산서,TAX-202608-0491,자동차용 씰링부품 외상 판매,포트폴리오용 합성 거래
JV2026081491,3,2026-08-17,제품 판매,D006,C002,대변,2180,부가세예수금,653000,전자세금계산서,TAX-202608-0491,자동차용 씰링부품 외상 판매,포트폴리오용 합성 거래
JV2026081492,1,2026-08-12,산업용 소모품 구매,D007,V004,차변,5130,소모품비,670000,법인카드,TAX-202608-0492,검사용 소모품 구매,포트폴리오용 합성 거래
JV2026081492,2,2026-08-12,산업용 소모품 구매,D007,V004,차변,1180,부가세대급금,67000,법인카드,TAX-202608-0492,검사용 소모품 구매,포트폴리오용 합성 거래
JV2026081492,3,2026-08-12,산업용 소모품 구매,D007,V004,대변,2110,외상매입금,737000,법인카드,TAX-202608-0492,검사용 소모품 구매,포트폴리오용 합성 거래
JV2026081493,1,2026-08-31,제품 판매,D006,C001,차변,1130,외상매출금,17886000,전자세금계산서,TAX-202608-0493,자동차용 고무부품 외상 판매,포트폴리오용 합성 거래
JV2026081493,2,2026-08-31,제품 판매,D006,C001,대변,4110,제품매출,16260000,전자세금계산서,TAX-202608-0493,자동차용 고무부품 외상 판매,포트폴리오용 합성 거래
JV2026081493,3,2026-08-31,제품 판매,D006,C001,대변,2180,부가세예수금,1626000,전자세금계산서,TAX-202608-0493,자동차용 고무부품 외상 판매,포트폴리오용 합성 거래
JV2026081494,1,2026-08-30,원재료 매입,D002,V002,차변,1210,원재료,7690000,전자세금계산서,TAX-202608-0494,합성고무 원재료 구매,포트폴리오용 합성 거래
JV2026081494,2,2026-08-30,원재료 매입,D002,V002,차변,1180,부가세대급금,769000,전자세금계산서,TAX-202608-0494,합성고무 원재료 구매,포트폴리오용 합성 거래
JV2026081494,3,2026-08-30,원재료 매입,D002,V002,대변,2110,외상매입금,8459000,전자세금계산서,TAX-202608-0494,합성고무 원재료 구매,포트폴리오용 합성 거래
JV2026081495,1,2026-08-16,운송비,D007,V005,차변,5140,운반비,220000,전자세금계산서,TAX-202608-0495,제품 납품 운송비,포트폴리오용 합성 거래
JV2026081495,2,2026-08-16,운송비,D007,V005,차변,1180,부가세대급금,22000,전자세금계산서,TAX-202608-0495,제품 납품 운송비,포트폴리오용 합성 거래
JV2026081495,3,2026-08-16,운송비,D007,V005,대변,2120,미지급금,242000,전자세금계산서,TAX-202608-0495,제품 납품 운송비,포트폴리오용 합성 거래
JV2026081496,1,2026-08-28,제품 판매,D006,C001,차변,1130,외상매출금,10186000,전자세금계산서,TAX-202608-0496,방진부품 외상 판매,포트폴리오용 합성 거래
JV2026081496,2,2026-08-28,제품 판매,D006,C001,대변,4110,제품매출,9260000,전자세금계산서,TAX-202608-0496,방진부품 외상 판매,포트폴리오용 합성 거래
JV2026081496,3,2026-08-28,제품 판매,D006,C001,대변,2180,부가세예수금,926000,전자세금계산서,TAX-202608-0496,방진부품 외상 판매,포트폴리오용 합성 거래
JV2026081497,1,2026-08-25,원재료 매입,D002,V001,차변,1210,원재료,3850000,전자세금계산서,TAX-202608-0497,고무 원재료 외상 매입,포트폴리오용 합성 거래
JV2026081497,2,2026-08-25,원재료 매입,D002,V001,차변,1180,부가세대급금,385000,전자세금계산서,TAX-202608-0497,고무 원재료 외상 매입,포트폴리오용 합성 거래
JV2026081497,3,2026-08-25,원재료 매입,D002,V001,대변,2110,외상매입금,4235000,전자세금계산서,TAX-202608-0497,고무 원재료 외상 매입,포트폴리오용 합성 거래
JV2026081498,1,2026-08-22,운송비,D007,V005,차변,5140,운반비,510000,전자세금계산서,TAX-202608-0498,원재료 입고 운송비,포트폴리오용 합성 거래
JV2026081498,2,2026-08-22,운송비,D007,V005,차변,1180,부가세대급금,51000,전자세금계산서,TAX-202608-0498,원재료 입고 운송비,포트폴리오용 합성 거래
JV2026081498,3,2026-08-22,운송비,D007,V005,대변,2120,미지급금,561000,전자세금계산서,TAX-202608-0498,원재료 입고 운송비,포트폴리오용 합성 거래
JV2026081499,1,2026-08-20,원재료 매입,D002,V002,차변,1210,원재료,6080000,전자세금계산서,TAX-202608-0499,합성고무 원재료 구매,포트폴리오용 합성 거래
JV2026081499,2,2026-08-20,원재료 매입,D002,V002,차변,1180,부가세대급금,608000,전자세금계산서,TAX-202608-0499,합성고무 원재료 구매,포트폴리오용 합성 거래
JV2026081499,3,2026-08-20,원재료 매입,D002,V002,대변,2110,외상매입금,6688000,전자세금계산서,TAX-202608-0499,합성고무 원재료 구매,포트폴리오용 합성 거래
JV2026081500,1,2026-08-18,원재료 매입,D002,V001,차변,1210,원재료,6770000,전자세금계산서,TAX-202608-0500,자동차부품용 소재 매입,포트폴리오용 합성 거래
JV2026081500,2,2026-08-18,원재료 매입,D002,V001,차변,1180,부가세대급금,677000,전자세금계산서,TAX-202608-0500,자동차부품용 소재 매입,포트폴리오용 합성 거래
JV2026081500,3,2026-08-18,원재료 매입,D002,V001,대변,2110,외상매입금,7447000,전자세금계산서,TAX-202608-0500,자동차부품용 소재 매입,포트폴리오용 합성 거래
